INSERT INTO "user"(id, email, username, password, name, birthdate, race, class, xp, isAdmin) 
VALUES(1, 'rui.patricio@gmail.com', 'ruiWolves', '_n@6EEs6', 'John Michael', '1998-05-16', 'Elf', 'Fighter',  205, FALSE);
INSERT INTO "user"(id, email, username, password, name, birthdate, race, class, xp, isAdmin) 
VALUES(2, 'beto.gr@gmail.com', 'Bebeto', 'K8c4)-Tx' , 'Andrew Esteves', '1997-03-18', 'Human', 'Wizard', 124, FALSE);
INSERT INTO "user"(id, email, username, password, name, birthdate, race, class, xp, isAdmin) 
VALUES(3, 'sa.ze@hotmail.com', 'Zezocas', '!8Y,yZ^', 'Francisco Filipe', '1997-03-18', 'Human', 'Fighter', 2030, FALSE);
INSERT INTO "user"(id, email, username, password, name, birthdate, race, class, xp, isAdmin) 
VALUES(4, 'pepe.oficial@gmail.com', 'Pepe123', '`/Fsa2g%', 'Lewis Silva', '1997-03-18', 'Elf', 'Wizard', 1540, TRUE);
INSERT INTO "user"(id, email, username, password, name, birthdate, race, class, xp, isAdmin) 
VALUES(5, 'zecafontes@gmail.com', 'Fontes', 'V~n8`5$*', 'Pedro Silva', '1997-03-18','Human', 'Fighter', 6074, FALSE);
INSERT INTO "user"(id, email, username, password, name, birthdate, race, class, xp, isAdmin) 
VALUES(6, 'guerreiro.def@gmail.com', 'Guerreiro_do_BVB', 'Z;-8g^Wc', 'Simon Silva', '1998-01-20', 'Dwarf', 'Rogue', 681, FALSE);
INSERT INTO "user"(id, email, username, password, name, birthdate, race, class, xp, isAdmin) 
VALUES(7, 'cancelo.juve@hotmail.com', 'CanceloSLB', '?\H=jB3\', 'Pedro Fernandes', '1997-03-18', 'Elf', 'Rogue', 112, FALSE);
INSERT INTO "user"(id, email, username, password, name, birthdate, race, class, xp, isAdmin) 
VALUES(8, 'dias_ruben@gmail.com', 'GOATdaDefesa', 'e7Gh/s-K', 'Bruno Sousa', '1997-03-18', 'Elf', 'Healer', 967, FALSE);
INSERT INTO "user"(id, email, username, password, name, birthdate, race, class, xp, isAdmin) 
VALUES(9, 'mario_rui@gmail.com', 'Ruizinho', ':YG^n9^z', 'Antero Santos', '1997-03-18', 'Human', 'Fighter', 420, FALSE);
INSERT INTO "user"(id, email, username, password, name, birthdate, race, class, xp, isAdmin) 
VALUES(10, 'nelson_semedo.goat@gmail.com', 'M10better_thanCR7', ')K:9Bu^*', 'John Angelical', '1997-03-18', 'Elf', 'Wizard', 2304, FALSE);
INSERT INTO "user"(id, email, username, password, name, birthdate, race, class, xp, isAdmin) 
VALUES(11, 'joao_moutinho@gmail.com', 'MacaPodre', 'Xy>qz9M', 'Mariana Costa', '1997-03-18', 'Dwarf', 'Rogue', 437, FALSE);
INSERT INTO "user"(id, email, username, password, name, birthdate, race, class, xp, isAdmin) 
VALUES(12, 'carvalho.william@gmail.com', 'William_Carvalho', '^7kNr~N', 'Catarina Almeida', '1997-03-18', 'Human', 'Wizard', 892, FALSE);
INSERT INTO "user"(id, email, username, password, name, birthdate, race, class, xp, isAdmin) 
VALUES(13, 'mario_joao@gmail.com', 'OMeuAmoreoSporting', 'q3NTt6.C', 'Miguel Barraca', '1997-03-18', 'Elf', 'Rogue', 1423, FALSE);
INSERT INTO "user"(id, email, username, password, name, birthdate, race, class, xp, isAdmin) 
VALUES(14, 'danilo.fcp@gmail.com', 'ItzDanilo', 'k3M~4&./', 'Tony Costa', '1997-03-18','Dwarf', 'Healer', 3048, TRUE);
INSERT INTO "user"(id, email, username, password, name, birthdate, race, class, xp, isAdmin) 
VALUES(15, 'pizzi@gmail.com', 'PizziOficial', '`7vJ4aHw', 'Marcelo Sousa', '1997-03-18', 'Human', 'Fighter', 1024, FALSE);
INSERT INTO "user"(id, email, username, password, name, birthdate, race, class, xp, isAdmin) 
VALUES(16, 'bruno_nandes@gmail.com', 'AMinhaVidaeoSport', '[Yw?J5XP', 'Pedro Coelho', '1997-03-18', 'Human', 'Wizard',1312, FALSE);
INSERT INTO "user"(id, email, username, password, name, birthdate, race, class, xp, isAdmin) 
VALUES(17, 'neves_ruben@gmail.com', 'SoGolaceiras', 'W]d89up]', 'Louis Vieira', '1997-03-18','Dwarf', 'Healer', 430, FALSE);
INSERT INTO "user"(id, email, username, password, name, birthdate, race, class, xp, isAdmin) 
VALUES(18, 'feliz.joao@gmail.com', 'NextCR7', '6@9Hz\V', 'Alexandre Santos', '1997-03-18','Dwarf', 'Wizard', 20, FALSE);
INSERT INTO "user"(id, email, username, password, name, birthdate, race, class, xp, isAdmin) 
VALUES(19, 'bernas.silva@gmail.com', 'EuSouOBernas', 'BVy%8y8f', 'Fernando Rocha', '1997-03-18', 'Human', 'Rogue', 4512, FALSE);
INSERT INTO "user"(id, email, username, password, name, birthdate, race, class, xp, isAdmin) 
VALUES(20, 'rafa_slb@gmail.com', 'JustRafa', '#9sYEtAg', 'Leonel Silva', '1997-03-18', 'Elf', 'Fighter', 960, FALSE);


INSERT INTO clan(id, name, description, ownerID) 
VALUES(1,'Default Clan','Looking forward for the first place in the clans leaderboard',14);
INSERT INTO clan(id, name, description, ownerID) 
VALUES(2,'Selection of Quinas','As a selection, we decided to creat a clan to show the union of this team',20);
INSERT INTO clan(id, name, description, ownerID) 
VALUES(3,'Liga das Nations','Support Clan for our warriors in Liga das Nations',4);
INSERT INTO clan(id, name, description, ownerID) 
VALUES(4,'EURO 2016','Remembering old times with our french friends',11);
INSERT INTO clan(id, name, description, ownerID) 
VALUES(5,'Falta o Eder','A tiny tribute to our national hero Ederzito. Join our cause',17);


INSERT INTO userClan(userID, clanID) VALUES(1, 1);
INSERT INTO userClan(userID, clanID) VALUES(2, 2);
INSERT INTO userClan(userID, clanID) VALUES(3, 1);
INSERT INTO userClan(userID, clanID) VALUES(4, 3);
INSERT INTO userClan(userID, clanID) VALUES(5, 4);
INSERT INTO userClan(userID, clanID) VALUES(6, 1);
INSERT INTO userClan(userID, clanID) VALUES(7, 5);
INSERT INTO userClan(userID, clanID) VALUES(8, 2);
INSERT INTO userClan(userID, clanID) VALUES(9, 3);
INSERT INTO userClan(userID, clanID) VALUES(10, 3);


INSERT INTO post (id, "date", content, hasImg, userID, clanID) 
VALUES (1, '2019-02-11 13:41:32', 'Clan news tomorrow', TRUE, 1, NULL);
INSERT INTO post (id, "date", content, hasImg, userID, clanID) 
VALUES (2, '2019-03-21 17:30:31', 'My clan is too strong. Proud on being Default!', FALSE, 3, NULL);
INSERT INTO post (id, "date", content, hasImg, userID, clanID) 
VALUES (3, '2019-01-13 12:22:20', 'Great practice today boys!', FALSE, 15, NULL);
INSERT INTO post (id, "date", content, hasImg, userID, clanID) 
VALUES (4, '2019-03-15 02:31:27', 'I believe in god! What about you', TRUE, 20, 2);
INSERT INTO post (id, "date", content, hasImg, userID, clanID) 
VALUES (5, '2019-02-17 04:16:04', 'This looks like a good spaghetti!', TRUE, 14, 2);
INSERT INTO post (id, "date", content, hasImg, userID, clanID) 
VALUES (6, '2019-03-14 05:05:17', 'What just happened?!', FALSE, 5, NULL);
INSERT INTO post (id, "date", content, hasImg, userID, clanID) 
VALUES (7, '2019-01-21 12:12:19', 'This Liverpool-Porto match was so rigged! *feeling angry*', TRUE, 2, NULL);
INSERT INTO post (id, "date", content, hasImg, userID, clanID) 
VALUES (8, '2019-01-26 15:18:06', 'I belive Barcelona will win the UCL!', FALSE, 15, NULL);
INSERT INTO post (id, "date", content, hasImg, userID, clanID) 
VALUES (9, '2019-01-27 19:34:41', 'Today is a special day!', FALSE, 13, NULL);
INSERT INTO post (id, "date", content, hasImg, userID, clanID) 
VALUES (10, '2019-03-04 12:43:45', 'Hans Zimmer is such a great composer!', TRUE, 12, 3);
INSERT INTO post (id, "date", content, hasImg, userID, clanID) 
VALUES (11, '2019-04-05 17:16:04', 'Have you seen the first pictures of a black hole? AMAZING!', TRUE, 10, 1);
INSERT INTO post (id, "date", content, hasImg, userID, clanID) 
VALUES (12, '2019-03-02 15:42:17', 'Feeling GREAT!', TRUE, 5, NULL);
INSERT INTO post (id, "date", content, hasImg, userID, clanID) 
VALUES (13, '2019-03-15 03:51:37', 'What is it with this weather?!', FALSE, 3, NULL);
INSERT INTO post (id, "date", content, hasImg, userID, clanID) 
VALUES (14, '2019-03-18 02:16:49', 'Cant sleep right now! Whats wrong with me!', TRUE, 2, 3);
INSERT INTO post (id, "date", content, hasImg, userID, clanID) 
VALUES (15, '2019-04-21 19:05:58', 'Finished gym sesh for today! This one was hard...', FALSE, 19, 3);


INSERT INTO "like"(postID, userID, "date") VALUES(1, 4, '2019-04-01 19:27:12');
INSERT INTO "like"(postID, userID, "date") VALUES(1, 7, '2019-03-01 09:21:17');
INSERT INTO "like"(postID, userID, "date") VALUES(1, 17, '2019-02-01 16:14:34');
INSERT INTO "like"(postID, userID, "date") VALUES(2, 11, '2019-01-01 22:38:58');
INSERT INTO "like"(postID, userID, "date") VALUES(2, 4, '2019-02-01 17:52:43');
INSERT INTO "like"(postID, userID, "date") VALUES(3, 5, '2019-03-01 09:42:01');
INSERT INTO "like"(postID, userID, "date") VALUES(3, 7, '2019-01-14 21:38:51');
INSERT INTO "like"(postID, userID, "date") VALUES(4, 13,'2019-02-17 17:27:22');
INSERT INTO "like"(postID, userID, "date") VALUES(5, 15, '2019-03-09 09:35:34');
INSERT INTO "like"(postID, userID, "date") VALUES(6, 2, '2019-03-02 09:57:52');
INSERT INTO "like"(postID, userID, "date") VALUES(7, 18, '2019-01-17 13:23:36');
INSERT INTO "like"(postID, userID, "date") VALUES(8, 20, '2019-04-19 06:55:44');
INSERT INTO "like"(postID, userID, "date") VALUES(9, 10, '2019-04-24 16:41:18');
INSERT INTO "like"(postID, userID, "date") VALUES(10, 6, '2019-03-27 19:24:15');
INSERT INTO "like"(postID, userID, "date") VALUES(11, 1, '2019-03-30 23:19:30');
INSERT INTO "like"(postID, userID, "date") VALUES(12, 7, '2019-02-06 11:33:46');
INSERT INTO "like"(postID, userID, "date") VALUES(13, 14, '2019-02-14 12:57:12');
INSERT INTO "like"(postID, userID, "date") VALUES(13, 17, '2019-01-21 14:42:27');
INSERT INTO "like"(postID, userID, "date") VALUES(13, 11, '2019-03-17 22:15:34');
INSERT INTO "like"(postID, userID, "date") VALUES(13, 4, '2019-04-01 09:31:18');


INSERT INTO share(postID, userID, content, "date") VALUES (2, 10, 'bump to this!', '2019-03-31 09:23:14');
INSERT INTO share(postID, userID, content, "date") VALUES (3, 6, 'So funny!', '2019-02-21 09:29:10');
INSERT INTO share(postID, userID, content, "date") VALUES (12, 3, 'I agree with you', '2019-01-19 09:29:41');
INSERT INTO share(postID, userID, content, "date") VALUES (5, 19, 'Case terminated!', '2019-02-22 09:12:23');
INSERT INTO share(postID, userID, content, "date") VALUES (10, 4, 'This information is so wrong!', '2019-04-01 19:22:53');
INSERT INTO share(postID, userID, content, "date") VALUES (15, 5, 'This post is so nice!', '2019-04-02 23:42:10');
INSERT INTO share(postID, userID, content, "date") VALUES (2, 12, 'I agree with you!', '2019-04-03 23:35:14');
INSERT INTO share(postID, userID, content, "date") VALUES (9, 3, 'It is like S d i S', '2019-04-15 13:14:32');
INSERT INTO share(postID, userID, content, "date") VALUES (3, 7, 'Just tomorrow', '2019-05-01 15:34:24');
INSERT INTO share(postID, userID, content, "date") VALUES (7, 2, 'I do not agree', '2019-05-12 18:22:10');


INSERT INTO comment(id, postID, userID, "date", commentText) 
VALUES(1, 1, 10, '2019-02-14 13:41:32', 'Awesome guys!');
INSERT INTO comment(id, postID, userID, "date", commentText) 
VALUES(2, 1, 9, '2019-02-15 17:42:32', 'Having seconds thougts about that!');
INSERT INTO comment(id, postID, userID, "date", commentText) 
VALUES(3, 2, 6, '2019-03-22 17:30:31','I believe that wont work');
INSERT INTO comment(id, postID, userID, "date", commentText) 
VALUES(4, 4, 4, '2019-03-16 02:31:27', 'Completely agree!');
INSERT INTO comment(id, postID, userID, "date", commentText) 
VALUES(5, 3, 3, '2019-01-14 12:22:20', 'I dont know if thats a good plan');
INSERT INTO comment(id, postID, userID, "date", commentText) 
VALUES(6, 5, 2, '2019-02-19 04:16:04', 'Well see tomorrow!');
INSERT INTO comment(id, postID, userID, "date", commentText) 
VALUES(7, 3, 1, '2019-01-14 13:22:20', 'Yeah...of course');
INSERT INTO comment(id, postID, userID, "date", commentText) 
VALUES(8, 6, 19, '2019-03-14 07:05:17', 'I cant believe it :o');
INSERT INTO comment(id, postID, userID, "date", commentText) 
VALUES(9, 7, 14, '2019-01-22 12:12:19', 'Youre the best');
INSERT INTO comment(id, postID, userID, "date", commentText) 
VALUES(10, 8, 13, '2019-01-28 15:18:06', 'This is fake news guys');
INSERT INTO comment(id, postID, userID, "date", commentText) 
VALUES(11, 9, 11, '2019-02-27 19:34:41', 'I sugest a tiny change perhaps');
INSERT INTO comment(id, postID, userID, "date", commentText) 
VALUES(12, 10, 8, '2019-03-06 12:47:45', 'I smell esturro');
INSERT INTO comment(id, postID, userID, "date", commentText) 
VALUES(13, 11, 5, '2019-04-09 17:16:04', 'To be or not to be');
INSERT INTO comment(id, postID, userID, "date", commentText) 
VALUES(14, 11, 7, '2019-04-02 23:52:10', 'This Pedro Silva guy...Amazing!');
INSERT INTO comment(id, postID, userID, "date", commentText) 
VALUES(15, 4, 12, '2019-03-16 02:33:27', 'I think ill stay at home tomorrow');
INSERT INTO comment(id, postID, userID, "date", commentText) 
VALUES(16, 12, 14, '2019-03-04 18:42:17', 'Shut up!');
INSERT INTO comment(id, postID, userID, "date", commentText) 
VALUES(17, 12, 13, '2019-03-05 15:42:17', 'WOW! So agressive');
INSERT INTO comment(id, postID, userID, "date", commentText) 
VALUES(18, 12, 16, '2019-03-05 15:47:17', 'Lets stay clam guys!');
INSERT INTO comment(id, postID, userID, "date", commentText) 
VALUES(19, 13, 14, '2020-03-15 03:51:37', 'Mornings are made to sleep');
INSERT INTO comment(id, postID, userID, "date", commentText) 
VALUES(20, 14, 17, '2019-04-18 05:24:49', 'I hurt my wrist yesterday');
INSERT INTO comment(id, postID, userID, "date", commentText) 
VALUES(21, 15, 18, '2019-04-22 01:15:58', 'I dont like sardines');
INSERT INTO comment(id, postID, userID, "date", commentText) 
VALUES(22, 15, 20, '2019-04-25 20:27:58', 'Sardines is life');
INSERT INTO comment(id, postID, userID, "date", commentText) 
VALUES(23, 2, 1, '2019-03-23 17:30:31', 'That would be cool');
INSERT INTO comment(id, postID, userID, "date", commentText) 
VALUES(24, 1, 3, '2019-01-13 12:22:20', 'I prefer the second option');
INSERT INTO comment(id, postID, userID, "date", commentText) 
VALUES(25, 3, 4, '2019-01-14 12:42:20', 'Dont know if i can...');


INSERT INTO message(id, sender, receiver, "date", messageText, hasBeenSeen) 
VALUES(1, 4, 14, '2019-02-11 13:41:32', 'Hey, i added you as admin because i cant keep this up alone', TRUE);
INSERT INTO message(id, sender, receiver, "date", messageText, hasBeenSeen) 
VALUES(2, 4, 14, '2019-02-11 13:43:07', 'Ill give more hints later on how to be an admin', TRUE);
INSERT INTO message(id, sender, receiver, "date", messageText, hasBeenSeen) 
VALUES(3, 14, 4, '2019-02-11 13:47:12', 'Ah nice!', TRUE);
INSERT INTO message(id, sender, receiver, "date", messageText, hasBeenSeen) 
VALUES(4, 14, 4, '2019-02-11 13:47:54', 'You can teach me tomorrow', TRUE);
INSERT INTO message(id, sender, receiver, "date", messageText, hasBeenSeen) 
VALUES(5, 4, 14, '2019-02-11 13:48:22', 'Yeah yeah we can talk in the practice', TRUE);
INSERT INTO message(id, sender, receiver, "date", messageText, hasBeenSeen) 
VALUES(6, 14, 4, '2019-02-11 13:48:44', 'Its a deal xD', TRUE);
INSERT INTO message(id, sender, receiver, "date", messageText, hasBeenSeen) 
VALUES(7, 4, 14, '2019-02-11 13:49:12', 'See you tomorrow!', TRUE);
INSERT INTO message(id, sender, receiver, "date", messageText, hasBeenSeen) 
VALUES(8, 14, 4, '2019-02-11 13:49:32', 'Yeah bye!', TRUE);
INSERT INTO message(id, sender, receiver, "date", messageText, hasBeenSeen) 
VALUES(9, 5, 16, '2019-01-27 19:34:41', 'Im just letting you know that im NOT the goalkeeper tomorrow', FALSE);
INSERT INTO message(id, sender, receiver, "date", messageText, hasBeenSeen) 
VALUES(10, 17, 2, '2019-03-04 12:43:45', 'We had a good session today', TRUE);
INSERT INTO message(id, sender, receiver, "date", messageText, hasBeenSeen) 
VALUES(11, 2, 17, '2019-03-04 12:44:15', 'Yeah a pretty cool one', TRUE);
INSERT INTO message(id, sender, receiver, "date", messageText, hasBeenSeen) 
VALUES(12, 2, 17, '2019-03-04 12:44:52', 'Bu there will be more next week', TRUE);
INSERT INTO message(id, sender, receiver, "date", messageText, hasBeenSeen) 
VALUES(13, 17, 2, '2019-03-04 12:46:10', 'True', TRUE);
INSERT INTO message(id, sender, receiver, "date", messageText, hasBeenSeen) 
VALUES(14, 10, 9, '2019-03-18 02:16:49', 'M10better_thanCR7 enviou um GIF', TRUE);
INSERT INTO message(id, sender, receiver, "date", messageText, hasBeenSeen) 
VALUES(15, 9, 10, '2019-03-18 02:17:31', 'I cant see the gif', TRUE);
INSERT INTO message(id, sender, receiver, "date", messageText, hasBeenSeen) 
VALUES(16, 10, 9, '2019-03-18 02:18:23', 'Hehehe theres no gif. We cant even send gifs', TRUE);
INSERT INTO message(id, sender, receiver, "date", messageText, hasBeenSeen) 
VALUES(17, 9, 10, '2019-03-18 02:18:47', 'Dont talk to me. Never again!', TRUE);
INSERT INTO message(id, sender, receiver, "date", messageText, hasBeenSeen) 
VALUES(18, 5, 17, '2019-02-01 16:14:34', 'The dinners at 20:30. Youve been warned', FALSE);
INSERT INTO message(id, sender, receiver, "date", messageText, hasBeenSeen) 
VALUES(19, 12, 5, '2019-01-01 22:38:58', 'Saw you at the mall today', TRUE);
INSERT INTO message(id, sender, receiver, "date", messageText, hasBeenSeen) 
VALUES(20, 5, 12, '2019-01-01 22:39:23', 'Yeah, my wife made me go!', TRUE);
INSERT INTO message(id, sender, receiver, "date", messageText, hasBeenSeen) 
VALUES(21, 5, 12, '2019-01-01 22:39:54', 'But it was alright. Not that bad', TRUE);
INSERT INTO message(id, sender, receiver, "date", messageText, hasBeenSeen) 
VALUES(22, 5, 12, '2019-01-01 22:40:28', 'Same here xD', TRUE);
INSERT INTO message(id, sender, receiver, "date", messageText, hasBeenSeen) 
VALUES(23, 8, 13, '2019-02-17 17:27:22', 'Wanna go swim tomorrow morning?', FALSE);
INSERT INTO message(id, sender, receiver, "date", messageText, hasBeenSeen) 
VALUES(24, 1, 3, '2019-03-09 09:35:34', 'Youre crazy.You cant make those kind of challenges at practices', TRUE);
INSERT INTO message(id, sender, receiver, "date", messageText, hasBeenSeen) 
VALUES(25, 1, 3, '2019-03-09 09:35:34', 'You can injury someone', TRUE);
INSERT INTO message(id, sender, receiver, "date", messageText, hasBeenSeen) 
VALUES(26, 1, 3, '2019-03-09 09:35:34', 'Be more careful please', TRUE);
INSERT INTO message(id, sender, receiver, "date", messageText, hasBeenSeen) 
VALUES(27, 3, 1, '2019-03-09 09:35:34', 'Yeah i know. I apologized right after. My bad', TRUE);
INSERT INTO message(id, sender, receiver, "date", messageText, hasBeenSeen) 
VALUES(28, 13, 8, '2019-04-24 16:41:18', 'Sorry onlysaw it now, but couldnt go anyway', FALSE);
INSERT INTO message(id, sender, receiver, "date", messageText, hasBeenSeen) 
VALUES(29, 18, 19, '2019-03-27 19:24:15', 'Wanna make a barbecue with the boys?', TRUE);
INSERT INTO message(id, sender, receiver, "date", messageText, hasBeenSeen) 
VALUES(30, 18, 19, '2019-03-27 19:25:05', 'We can see whats the best day to do it (with no matches nearby) and schedule one', TRUE);
INSERT INTO message(id, sender, receiver, "date", messageText, hasBeenSeen) 
VALUES(31, 19, 18, '2019-03-27 19:25:45', 'I say YES!', TRUE);
INSERT INTO message(id, sender, receiver, "date", messageText, hasBeenSeen) 
VALUES(32, 18, 19, '2019-03-27 19:26:24', 'Are we the only ones organizing?', TRUE);
INSERT INTO message(id, sender, receiver, "date", messageText, hasBeenSeen) 
VALUES(33, 19, 18, '2019-03-27 19:28:13', 'Dont know but we can do it anyway.', TRUE);
INSERT INTO message(id, sender, receiver, "date", messageText, hasBeenSeen) 
VALUES(34, 19, 18, '2019-03-27 19:28:55', 'I just threw this idea to see if you were down', TRUE);
INSERT INTO message(id, sender, receiver, "date", messageText, hasBeenSeen) 
VALUES(35, 18, 19, '2019-03-27 19:30:15', 'Im already down! xD', FALSE);


INSERT INTO request(id, sender, receiver, clanID, "type", "date", hasAccepted) VALUES (1, 3, 12, NULL, 'friendRequest', '2019-04-16 23:23:59', TRUE);
INSERT INTO request(id, sender, receiver, clanID, "type", "date", hasAccepted) VALUES (2, 11, 14, 1, 'clanRequest', '2019-03-11 09:37:20', FALSE);
INSERT INTO request(id, sender, receiver, clanID, "type", "date", hasAccepted) VALUES (3, 7, 20, 2, 'clanRequest', '2019-04-12 19:45:56', FALSE);
INSERT INTO request(id, sender, receiver, clanID, "type", "date", hasAccepted) VALUES (4, 8, 11, NULL, 'friendRequest', '2019-03-16 13:25:26', TRUE);
INSERT INTO request(id, sender, receiver, clanID, "type", "date", hasAccepted) VALUES (5, 4, 2, NULL, 'friendRequest', '2019-04-02 09:18:01', FALSE);
INSERT INTO request(id, sender, receiver, clanID, "type", "date", hasAccepted) VALUES (6, 11, 3, 2, 'clanRequest', '2019-02-06 14:27:16', TRUE);
INSERT INTO request(id, sender, receiver, clanID, "type", "date", hasAccepted) VALUES (7, 8, 1, NULL, 'friendRequest', '2019-03-16 16:21:17', FALSE);
INSERT INTO request(id, sender, receiver, clanID, "type", "date", hasAccepted) VALUES (8, 5, 11, 4, 'clanRequest', '2019-02-19 10:32:39', FALSE);
INSERT INTO request(id, sender, receiver, clanID, "type", "date", hasAccepted) VALUES (9, 4, 4, 3, 'clanRequest', '2019-02-23 06:12:20', FALSE);
INSERT INTO request(id, sender, receiver, clanID, "type", "date", hasAccepted) VALUES (10, 2, 10, NULL, 'friendRequest', '2019-01-26 15:16:22', TRUE);
INSERT INTO request(id, sender, receiver, clanID, "type", "date", hasAccepted) VALUES (11, 3, 10, NULL, 'friendRequest', '2019-01-27 05:51:12', TRUE);
INSERT INTO request(id, sender, receiver, clanID, "type", "date", hasAccepted) VALUES (12, 3, 13, NULL, 'friendRequest', '2019-01-27 13:46:47', FALSE);
INSERT INTO request(id, sender, receiver, clanID, "type", "date", hasAccepted) VALUES (13, 4, 13, NULL, 'friendRequest', '2019-01-27 17:34:16', TRUE);
INSERT INTO request(id, sender, receiver, clanID, "type", "date", hasAccepted) VALUES (14, 3, 15, NULL, 'friendRequest', '2019-01-28 06:23:34', FALSE);
INSERT INTO request(id, sender, receiver, clanID, "type", "date", hasAccepted) VALUES (15, 3, 11, NULL, 'friendRequest', '2019-01-28 12:47:27', TRUE);
INSERT INTO request(id, sender, receiver, clanID, "type", "date", hasAccepted) VALUES (16, 4, 10, NULL, 'friendRequest', '2019-01-28 13:57:24', FALSE);
INSERT INTO request(id, sender, receiver, clanID, "type", "date", hasAccepted) VALUES (17, 5, 10, NULL, 'friendRequest', '2019-01-28 18:26:56', TRUE);
INSERT INTO request(id, sender, receiver, clanID, "type", "date", hasAccepted) VALUES (18, 5, 12, NULL, 'friendRequest', '2019-01-29 02:32:35', FALSE);
INSERT INTO request(id, sender, receiver, clanID, "type", "date", hasAccepted) VALUES (19, 6, 13, NULL, 'friendRequest', '2019-01-29 09:35:16', FALSE);
INSERT INTO request(id, sender, receiver, clanID, "type", "date", hasAccepted) VALUES (20, 7, 13, NULL, 'friendRequest', '2019-01-30 01:21:39', TRUE);


INSERT INTO blocked(id, userID, admin, "date", motive) VALUES (1, 13, 4, '2019-03-21 07:22:16', 'Racism');
INSERT INTO blocked(id, userID, admin, "date", motive) VALUES (2, 15, 4, '2019-04-01 21:42:32', 'Inappropriate behaviour');
INSERT INTO blocked(id, userID, admin, "date", motive) VALUES (3, 7, 4, '2019-03-27 19:32:15', 'Abusive content');
INSERT INTO blocked(id, userID, admin, "date", motive) VALUES (4, 9, 4, '2019-03-23 12:13:20', 'Inappropriate behaviour');
INSERT INTO blocked(id, userID, admin, "date", motive) VALUES (5, 18, 4, '2019-03-31 05:16:33', 'Inappropriate behaviour');


INSERT INTO report(id, sender, admin, "date", reportText, commentID, postID, motive) 
VALUES(1, 1, 4, '2019-03-21 07:22:16', 'This user used abusive content', NULL, 2, 'Abusive content');
INSERT INTO report(id, sender, admin, "date", reportText, commentID, postID, motive) 
VALUES(2, 1, 4, '2019-02-09 23:02:30', 'Abusive user', 21, NULL,'Inappropriate behaviour');
INSERT INTO report(id, sender, admin, "date", reportText, commentID, postID, motive) 
VALUES(3, 1, 4, '2019-03-04 13:22:03', 'color skin', 21, NULL, 'Racism');
INSERT INTO report(id, sender, admin, "date", reportText, commentID, postID, motive) 
VALUES(4, 1, 4, '2019-04-02 13:23:18', 'He/She sent me abusive content', NULL, 3, 'Abusive content');
INSERT INTO report(id, sender, admin, "date", reportText, commentID, postID, motive) 
VALUES(5, 1, 4, '2019-03-19 13:07:04', 'This user must be banned!', 21, NULL,'Inappropriate behaviour');
INSERT INTO report(id, sender, admin, "date", reportText, commentID, postID, motive) 
VALUES(6, 1, 4, '2019-03-27 12:22:02', 'Abusive user!!', NULL, 1,'Inappropriate behaviour');
INSERT INTO report(id, sender, admin, "date", reportText, commentID, postID, motive) 
VALUES(7, 1, 4, '2019-02-09 23:02:30', 'He said abusive words', 21, NULL, 'Abusive content');
INSERT INTO report(id, sender, admin, "date", reportText, commentID, postID, motive) 
VALUES(8, 1, 4, '2019-02-22 23:02:20', 'Soooo inappropriate', NULL, 2,'Inappropriate behaviour');
INSERT INTO report(id, sender, admin, "date", reportText, commentID, postID, motive) 
VALUES(9, 1, 4, '2019-03-27 12:22:02', 'Inappropriate content', NULL, 3,'Abusive content');
INSERT INTO report(id, sender, admin, "date", reportText, commentID, postID, motive) 
VALUES(10, 1, 4, '2019-03-13 15:07:02', 'Content not permited', NULL, 1,'Abusive content');


INSERT INTO notification(id, "date", requestID, messageID, commentID, likePostID, likeUserID, sharePostID, shareUserID, hasBeenSeen) 
VALUES(1, '2019-04-04 04:12:10', NULL, NULL, NULL, 1, 4, NULL, NULL, FALSE);
INSERT INTO notification(id, "date", requestID, messageID, commentID, likePostID, likeUserID, sharePostID, shareUserID, hasBeenSeen) 
VALUES(2, '2019-03-27 12:22:02', NULL, NULL, NULL, 1, 7, NULL, NULL, TRUE);
INSERT INTO notification(id, "date", requestID, messageID, commentID, likePostID, likeUserID, sharePostID, shareUserID, hasBeenSeen) 
VALUES(3, '2019-03-23 13:42:20', NULL, 1, NULL, NULL, NULL, NULL, NULL, TRUE);
INSERT INTO notification(id, "date", requestID, messageID, commentID, likePostID, likeUserID, sharePostID, shareUserID, hasBeenSeen) 
VALUES(4, '2019-02-03 12:02:43', NULL, 2, NULL, NULL, NULL, NULL, NULL, FALSE);
INSERT INTO notification(id, "date", requestID, messageID, commentID, likePostID, likeUserID, sharePostID, shareUserID, hasBeenSeen) 
VALUES(5, '2019-04-3 17:22:16', NULL, NULL, NULL, 1, 17, NULL, NULL, FALSE);
INSERT INTO notification(id, "date", requestID, messageID, commentID, likePostID, likeUserID, sharePostID, shareUserID, hasBeenSeen) 
VALUES(6, '2019-03-22 18:02:04', 6, NULL, NULL, NULL, NULL, NULL, NULL, FALSE);
INSERT INTO notification(id, "date", requestID, messageID, commentID, likePostID, likeUserID, sharePostID, shareUserID, hasBeenSeen) 
VALUES(7, '2019-03-02 21:12:30', NULL, NULL, NULL, 2, 4, NULL, NULL, TRUE);
INSERT INTO notification(id, "date", requestID, messageID, commentID, likePostID, likeUserID, sharePostID, shareUserID, hasBeenSeen) 
VALUES(8, '2019-02-09 23:02:30', 2, NULL, NULL, NULL, NULL, NULL, NULL, FALSE);
INSERT INTO notification(id, "date", requestID, messageID, commentID, likePostID, likeUserID, sharePostID, shareUserID, hasBeenSeen) 
VALUES(9, '2019-02-01 05:23:26', 3, NULL, NULL, NULL, NULL, NULL, NULL, TRUE);
INSERT INTO notification(id, "date", requestID, messageID, commentID, likePostID, likeUserID, sharePostID, shareUserID, hasBeenSeen) 
VALUES(10, '2019-02-07 12:52:20', 8, NULL, NULL, NULL, NULL, NULL, NULL, TRUE);
INSERT INTO notification(id, "date", requestID, messageID, commentID, likePostID, likeUserID, sharePostID, shareUserID, hasBeenSeen) 
VALUES(11, '2019-03-04 13:22:03', 9, NULL, NULL, NULL, NULL, NULL, NULL, FALSE);
INSERT INTO notification(id, "date", requestID, messageID, commentID, likePostID, likeUserID, sharePostID, shareUserID, hasBeenSeen) 
VALUES(12, '2019-03-16 01:32:50', NULL, NULL, 4, NULL, NULL, NULL, NULL, TRUE);
INSERT INTO notification(id, "date", requestID, messageID, commentID, likePostID, likeUserID, sharePostID, shareUserID, hasBeenSeen) 
VALUES(13, '2019-01-07 12:02:27', NULL, NULL, 1, NULL, NULL, NULL, NULL, TRUE);
INSERT INTO notification(id, "date", requestID, messageID, commentID, likePostID, likeUserID, sharePostID, shareUserID, hasBeenSeen) 
VALUES(14, '2019-03-05 11:02:26', 1, NULL, NULL, NULL, NULL, NULL, NULL, FALSE);
INSERT INTO notification(id, "date", requestID, messageID, commentID, likePostID, likeUserID, sharePostID, shareUserID, hasBeenSeen) 
VALUES(15, '2019-03-26 11:23:25', NULL, NULL, 2, NULL, NULL, NULL, NULL, TRUE);
INSERT INTO notification(id, "date", requestID, messageID, commentID, likePostID, likeUserID, sharePostID, shareUserID, hasBeenSeen) 
VALUES(16, '2019-01-02 16:52:50', 4, NULL, NULL, NULL, NULL, NULL, NULL, FALSE);
INSERT INTO notification(id, "date", requestID, messageID, commentID, likePostID, likeUserID, sharePostID, shareUserID, hasBeenSeen) 
VALUES(17, '2019-03-19 13:07:04', NULL, NULL, 3, NULL, NULL, NULL, NULL, FALSE);
INSERT INTO notification(id, "date", requestID, messageID, commentID, likePostID, likeUserID, sharePostID, shareUserID, hasBeenSeen) 
VALUES(18, '2019-03-13 15:07:02', NULL, NULL, NULL, NULL, NULL, 2, 12, TRUE);
INSERT INTO notification(id, "date", requestID, messageID, commentID, likePostID, likeUserID, sharePostID, shareUserID, hasBeenSeen) 
VALUES(19, '2019-03-27 16:32:20', NULL, NULL, NULL, NULL, NULL, 2, 10, TRUE);
INSERT INTO notification(id, "date", requestID, messageID, commentID, likePostID, likeUserID, sharePostID, shareUserID, hasBeenSeen) 
VALUES(20, '2019-03-12 16:32:30', 5, NULL, NULL, NULL, NULL, NULL, NULL, FALSE);
INSERT INTO notification(id, "date", requestID, messageID, commentID, likePostID, likeUserID, sharePostID, shareUserID, hasBeenSeen) 
VALUES(21, '2019-04-01 17:52:30', NULL, 3, NULL, NULL, NULL, NULL, NULL, TRUE);
INSERT INTO notification(id, "date", requestID, messageID, commentID, likePostID, likeUserID, sharePostID, shareUserID, hasBeenSeen) 
VALUES(22, '2019-03-24 14:22:23', NULL, 4, NULL, NULL, NULL, NULL, NULL, TRUE);
INSERT INTO notification(id, "date", requestID, messageID, commentID, likePostID, likeUserID, sharePostID, shareUserID, hasBeenSeen) 
VALUES(23, '2019-04-01 19:02:40', 7, NULL, NULL, NULL, NULL, NULL, NULL, FALSE);
INSERT INTO notification(id, "date", requestID, messageID, commentID, likePostID, likeUserID, sharePostID, shareUserID, hasBeenSeen) 
VALUES(24, '2019-03-16 23:23:59', NULL, NULL, NULL, 2, 11, NULL, NULL, TRUE);
INSERT INTO notification(id, "date", requestID, messageID, commentID, likePostID, likeUserID, sharePostID, shareUserID, hasBeenSeen) 
VALUES(25, '2019-02-22 23:02:20', NULL, 5, NULL, NULL, NULL, NULL, NULL, TRUE);
INSERT INTO notification(id, "date", requestID, messageID, commentID, likePostID, likeUserID, sharePostID, shareUserID, hasBeenSeen) 
VALUES(26, '2019-02-02 16:22:40', 10, NULL, NULL, NULL, NULL, NULL, NULL, TRUE);
INSERT INTO notification(id, "date", requestID, messageID, commentID, likePostID, likeUserID, sharePostID, shareUserID, hasBeenSeen) 
VALUES(27, '2019-02-12 16:21:50', NULL, NULL, NULL, NULL, NULL, 3, 6, FALSE);
INSERT INTO notification(id, "date", requestID, messageID, commentID, likePostID, likeUserID, sharePostID, shareUserID, hasBeenSeen) 
VALUES(28, '2019-03-15 12:23:56', NULL, NULL, NULL, NULL, NULL, 12, 3, FALSE);
INSERT INTO notification(id, "date", requestID, messageID, commentID, likePostID, likeUserID, sharePostID, shareUserID, hasBeenSeen) 
VALUES(29, '2019-03-23 16:12:16', NULL, NULL, 5, NULL, NULL, NULL, NULL, TRUE);
INSERT INTO notification(id, "date", requestID, messageID, commentID, likePostID, likeUserID, sharePostID, shareUserID, hasBeenSeen) 
VALUES(30, '2019-04-02 13:23:18', NULL, NULL, NULL, NULL, NULL, 5, 19, FALSE);


SELECT setval('user_id_seq', (SELECT MAX(id) from "user"));
SELECT setval('blocked_id_seq', (SELECT MAX(id) from blocked));
SELECT setval('clan_id_seq', (SELECT MAX(id) from clan));
SELECT setval('comment_id_seq', (SELECT MAX(id) from comment));
SELECT setval('message_id_seq', (SELECT MAX(id) from message));
SELECT setval('notification_id_seq', (SELECT MAX(id) from notification));
SELECT setval('post_id_seq', (SELECT MAX(id) from post));
SELECT setval('report_id_seq', (SELECT MAX(id) from report));
SELECT setval('request_id_seq', (SELECT MAX(id) from request));