INSERT INTO "user"(id, email, username, password, name, birthdate, race, class, xp, isAdmin) VALUES(1, 'rui.patricio@gmail.com', 'ruiWolves', '_n@6EEs6', 'João Miguel', '1998-05-16', 'Elf', 'Fighter',  205, FALSE);
INSERT INTO "user"(id, email, username, password, name, birthdate, race, class, xp, isAdmin) VALUES(2, 'beto.gr@gmail.com', 'Bebeto', 'K8c4)-Tx' , 'André Esteves', '1997-03-18', 'Human', 'Wizard', 124, FALSE);
INSERT INTO "user"(id, email, username, password, name, birthdate, race, class, xp, isAdmin) VALUES(3, 'sa.ze@hotmail.com', 'Zezocas', '!8Y,yZ^', 'Francisco Filipe', '1997-03-18', 'Human', 'Fighter', 2030, FALSE);
INSERT INTO "user"(id, email, username, password, name, birthdate, race, class, xp, isAdmin) VALUES(4, 'pepe.oficial@gmail.com', 'Pepe123', '`/Fsa2g%', 'Luís Silva', '1997-03-18', 'Elf', 'Wizard', 1540, TRUE);
INSERT INTO "user"(id, email, username, password, name, birthdate, race, class, xp, isAdmin) VALUES(5, 'zecafontes@gmail.com', 'Fontes', 'V~n8`5$*', 'Pedro Silva', '1997-03-18','Human', 'Fighter', 6074, FALSE);
INSERT INTO "user"(id, email, username, password, name, birthdate, race, class, xp, isAdmin) VALUES(6, 'guerreiro.def@gmail.com', 'Guerreiro_do_BVB', 'Z;-8g^Wc', 'Simão Silva', '1998-01-20', 'Dwarf', 'Rogue', 681, FALSE);
INSERT INTO "user"(id, email, username, password, name, birthdate, race, class, xp, isAdmin) VALUES(7, 'cancelo.juve@hotmail.com', 'CanceloSLB', '?\H=jB3\', 'Pedro Fernandes', '1997-03-18', 'Elf', 'Rogue', 112, FALSE);
INSERT INTO "user"(id, email, username, password, name, birthdate, race, class, xp, isAdmin) VALUES(8, 'dias_ruben@gmail.com', 'GOATdaDefesa', 'e7Gh/s-K', 'Bruno Sousa', '1997-03-18', 'Elf', 'Healer', 967, FALSE);
INSERT INTO "user"(id, email, username, password, name, birthdate, race, class, xp, isAdmin) VALUES(9, 'mario_rui@gmail.com', 'Ruizinho', ':YG^n9^z', 'Antero Santos', '1997-03-18', 'Human', 'Fighter', 420, FALSE);
INSERT INTO "user"(id, email, username, password, name, birthdate, race, class, xp, isAdmin) VALUES(10, 'nelson_semedo.goat@gmail.com', 'M10better_thanCR7', ')K:9Bu^*', 'João Angélico', '1997-03-18', 'Elf', 'Wizard', 2304, FALSE);
INSERT INTO "user"(id, email, username, password, name, birthdate, race, class, xp, isAdmin) VALUES(11, 'joao_moutinho@gmail.com', 'MaçãPodre', 'Xy>qz9M', 'Mariana Costa', '1997-03-18', 'Dwarf', 'Rogue', 437, FALSE);
INSERT INTO "user"(id, email, username, password, name, birthdate, race, class, xp, isAdmin) VALUES(12, 'carvalho.william@gmail.com', 'William_Carvalho', '^7kNr~N', 'Catarina Almeida', '1997-03-18', 'Human', 'Wizard', 892, FALSE);
INSERT INTO "user"(id, email, username, password, name, birthdate, race, class, xp, isAdmin) VALUES(13, 'mario_joao@gmail.com', 'OMeuAmoréoSporting', 'q3NTt6.C', 'Miguel Barraca', '1997-03-18', 'Elf', 'Rogue', 1423, FALSE);
INSERT INTO "user"(id, email, username, password, name, birthdate, race, class, xp, isAdmin) VALUES(14, 'danilo.fcp@gmail.com', 'ItzDanilo', 'k3M~4&./', 'António Costa', '1997-03-18','Dwarf', 'Healer', 3048, TRUE);
INSERT INTO "user"(id, email, username, password, name, birthdate, race, class, xp, isAdmin) VALUES(15, 'pizzi@gmail.com', 'PizziOficial', '`7vJ4aHw', 'Marcelo Sousa', '1997-03-18', 'Human', 'Fighter', 1024, FALSE);
INSERT INTO "user"(id, email, username, password, name, birthdate, race, class, xp, isAdmin) VALUES(16, 'bruno_nandes@gmail.com', 'AMinhaVidaéoSport', '[Yw?J5XP', 'Pedro Coelho', '1997-03-18', 'Human', 'Wizard',1312, FALSE);
INSERT INTO "user"(id, email, username, password, name, birthdate, race, class, xp, isAdmin) VALUES(17, 'neves_ruben@gmail.com', 'SóGolaceiras', 'W]d89up]', 'Luís Vieira', '1997-03-18','Dwarf', 'Healer', 430, FALSE);
INSERT INTO "user"(id, email, username, password, name, birthdate, race, class, xp, isAdmin) VALUES(18, 'feliz.joao@gmail.com', 'NextCR7', '6@9Hz\V', 'Alexandre Santos', '1997-03-18','Dwarf', 'Wizard', 20, FALSE);
INSERT INTO "user"(id, email, username, password, name, birthdate, race, class, xp, isAdmin) VALUES(19, 'bernas.silva@gmail.com', 'EuSouOBernas', 'BVy%8y8f', 'Fernando Rocha', '1997-03-18', 'Human', 'Rogue', 4512, FALSE);
INSERT INTO "user"(id, email, username, password, name, birthdate, race, class, xp, isAdmin) VALUES(20, 'rafa_slb@gmail.com', 'JustRafa', '#9sYEtAg', 'Leonel Silva', '1997-03-18', 'Elf', 'Fighter', 960, FALSE);

INSERT INTO clan(id, name, description, ownerID) VALUES(1,'Default Clan','Na busca do primeiro lugar da leaderboard de clans',14);
INSERT INTO clan(id, name, description, ownerID) VALUES(2,'Seleção das Quinas','Enquanto seleção decidimos criar um clan para mostrar a união desta equipa',20);
INSERT INTO clan(id, name, description, ownerID) VALUES(3,'Liga das Nações','Clan de apoio aos nossos guerreiros para a Liga das Nações',4);
INSERT INTO clan(id, name, description, ownerID) VALUES(4,'EURO 2016','Relembrar os velhos tempos com os nossos amigos franceses',11);
INSERT INTO clan(id, name, description, ownerID) VALUES(5,'Falta o Éder','Uma pequena homenagem ao herói português Ederzito. Juntem-se à nossa causa',17);

INSERT INTO userClan(userID, clanID) VALUES(1, 1);
INSERT INTO userClan(userID, clanID) VALUES(2, 2);
INSERT INTO userClan(userID, clanID) VALUES(3, 1);
INSERT INTO userClan(userID, clanID) VALUES(4, 3);
INSERT INTO userClan(userID, clanID) VALUES(5, 4);
INSERT INTO userClan(userID, clanID) VALUES(6, 1);
INSERT INTO userClan(userID, clanID) VALUES(7, 5);
INSERT INTO userClan(userID, clanID) VALUES(8, 2);
INSERT INTO userClan(userID, clanID) VALUES(9, 3);
INSERT INTO userClan(userID, clanID) VALUES(10, 3);


INSERT INTO post (id, "date", content, hasImg, userID) VALUES (1, '2019-02-11 13:41:32', 'Novidades no clan amanhã', TRUE, 1);
INSERT INTO post (id, "date", content, hasImg, userID) VALUES (2, '2019-03-21 17:30:31', 'O meu clan está demasiado forte. Orgulho em ser Default!', FALSE, 3);
INSERT INTO post (id, "date", content, hasImg, userID) VALUES (3, '2019-01-13 12:22:20', 'Grande treino hoje pessoal', FALSE, 15);
INSERT INTO post (id, "date", content, hasImg, userID) VALUES (4, '2019-03-15 02:31:27', 'Com este commit, a compilação final do programa corrigiu o bug na definição de variaveis com tipos estáticos.', TRUE, 20);
INSERT INTO post (id, "date", content, hasImg, userID) VALUES (5, '2019-02-17 04:16:04', 'Explica pro Product Onwer que a otimização de performance da renderização do DOM causou o bug da execução parelela de funções em multi-threads.', TRUE, 14);
INSERT INTO post (id, "date", content, hasImg, userID) VALUES (6, '2019-03-14 05:05:17', 'A equipe de suporte precisa saber que o deploy automatizado no Heroku facilitou a resolução de conflito de estados estáticos nos componentes da UI.', FALSE, 5);
INSERT INTO post (id, "date", content, hasImg, userID) VALUES (7, '2019-01-21 12:12:19', 'Nesse pull request, o deploy automatizado no Heroku causou o bug na interpolação dinâmica de strings.', TRUE, 2);
INSERT INTO post (id, "date", content, hasImg, userID) VALUES (8, '2019-01-26 15:18:06', 'Nesse pull request, a compilação final do programa otimizou a renderização no parse retroativo do DOM.', FALSE, 15);
INSERT INTO post (id, "date", content, hasImg, userID) VALUES (9, '2019-01-27 19:34:41', 'A equipe de suporte precisa saber que o módulo de recursão paralela causou o bug da execução de requisições effcientes na API.', FALSE, 13);
INSERT INTO post (id, "date", content, hasImg, userID) VALUES (10, '2019-03-04 12:43:45', 'Com este commit, a normalização da data corrigiu o bug de uma compilação com tempo acima da media.', TRUE, 12);
INSERT INTO post (id, "date", content, hasImg, userID) VALUES (11, '2019-04-05 17:16:04', 'Explica pro Product Onwer que o módulo de recursão paralela causou a race condition na interpolação dinâmica de strings.', TRUE, 10);
INSERT INTO post (id, "date", content, hasImg, userID) VALUES (12, '2019-03-02 15:42:17', 'A equipe de suporte precisa saber que o deploy automatizado no Heroku corrigiu o bug na organização alfanumérico dos arrays multidimensionais.', TRUE, 5);
INSERT INTO post (id, "date", content, hasImg, userID) VALUES (13, '2019-03-15 03:51:37', 'Com este commit, a compilação final do programa otimizou a renderização do JSON compilado a partir de proto-buffers.', FALSE, 3);
INSERT INTO post (id, "date", content, hasImg, userID) VALUES (14, '2019-03-18 02:16:49', 'Nesse pull request, a otimização de performance da renderização do DOM deletou todas as entradas dos argumentos que definem um schema dinâmico.', TRUE, 2);
INSERT INTO post (id, "date", content, hasImg, userID) VALUES (15, '2019-04-21 19:05:58', 'Nesse pull request, um erro não identificado facilitou a resolução de conflito do carregamento de JSON delimitado por linhas.', FALSE, 19);

INSERT INTO "like"(postID, userID, "date") VALUES(1, 4, '2019-04-01 19:27:12');
INSERT INTO "like"(postID, userID, "date") VALUES(1, 7, '2019-03-01 09:21:17');
INSERT INTO "like"(postID, userID, "date") VALUES(1, 17, '2019-02-01 16:14:34');
INSERT INTO "like"(postID, userID, "date") VALUES(2, 11, '2019-01-01 22:38:58');
INSERT INTO "like"(postID, userID, "date") VALUES(2, 4, '2019-02-01 17:52:43');
INSERT INTO "like"(postID, userID, "date") VALUES(3, 5, '2019-03-01 09:42:01');
INSERT INTO "like"(postID, userID, "date") VALUES(3, 7, '2019-01-14 21:38:51');
INSERT INTO "like"(postID, userID, "date") VALUES(4, 13,'2019-02-17 17:27:22');
INSERT INTO "like"(postID, userID, "date") VALUES(5, 15, '2019-03-09 09:35:34');
INSERT INTO "like"(postID, userID, "date") VALUES(6, 2, '2019-03-02 09:57:52');
INSERT INTO "like"(postID, userID, "date") VALUES(7, 18, '2019-01-17 13:23:36');
INSERT INTO "like"(postID, userID, "date") VALUES(8, 20, '2019-04-19 06:55:44');
INSERT INTO "like"(postID, userID, "date") VALUES(9, 10, '2019-04-24 16:41:18');
INSERT INTO "like"(postID, userID, "date") VALUES(10, 6, '2019-03-27 19:24:15');
INSERT INTO "like"(postID, userID, "date") VALUES(11, 1, '2019-03-30 23:19:30');
INSERT INTO "like"(postID, userID, "date") VALUES(12, 7, '2019-02-06 11:33:46');
INSERT INTO "like"(postID, userID, "date") VALUES(13, 14, '2019-02-14 12:57:12');
INSERT INTO "like"(postID, userID, "date") VALUES(13, 17, '2019-01-21 14:42:27');
INSERT INTO "like"(postID, userID, "date") VALUES(13, 11, '2019-03-17 22:15:34');
INSERT INTO "like"(postID, userID, "date") VALUES(13, 4, '2019-04-01 09:31:18');

INSERT INTO share(postID, userID, content, "date") VALUES (2, 10, 'bump to this!', '2019-03-31 09:23:14');
INSERT INTO share(postID, userID, content, "date") VALUES (3, 6, 'So funny!', '2019-02-21 09:29:10');
INSERT INTO share(postID, userID, content, "date") VALUES (12, 3, 'I agree with you', '2019-01-19 09:29:41');
INSERT INTO share(postID, userID, content, "date") VALUES (5, 19, 'Case terminated!', '2019-02-22 09:12:23');
INSERT INTO share(postID, userID, content, "date") VALUES (10, 4, 'This information is so wrong!', '2019-04-01 19:22:53');
INSERT INTO share(postID, userID, content, "date") VALUES (9, 5, 'This post is so nice!', '2019-04-02 23:42:10');

INSERT INTO comment(id, postID, userID, "date", commentText) VALUES(1, 1, 10, '2019-02-14 13:41:32', 'Espetacular pessoal!');
INSERT INTO comment(id, postID, userID, "date", commentText) VALUES(2, 1, 9, '2019-02-15 17:42:32', 'Estou em dúvidas em relação isso.');
INSERT INTO comment(id, postID, userID, "date", commentText) VALUES(3, 2, 6, '2019-03-22 17:30:31','Penso que não vai funcionar bem');
INSERT INTO comment(id, postID, userID, "date", commentText) VALUES(4, 4, 4, '2019-03-16 02:31:27', 'Concordo completamente!');
INSERT INTO comment(id, postID, userID, "date", commentText) VALUES(5, 3, 3, '2019-01-14 12:22:20', 'Não sei se é um bom plano');
INSERT INTO comment(id, postID, userID, "date", commentText) VALUES(6, 5, 2, '2019-02-19 04:16:04', 'Amanhã veremos');
INSERT INTO comment(id, postID, userID, "date", commentText) VALUES(7, 3, 1, '2019-01-14 13:22:20', 'Sim...claro');
INSERT INTO comment(id, postID, userID, "date", commentText) VALUES(8, 6, 19, '2019-03-14 07:05:17', 'Não acredito :o !!!');
INSERT INTO comment(id, postID, userID, "date", commentText) VALUES(9, 7, 14, '2019-01-22 12:12:19', 'És o maior!');
INSERT INTO comment(id, postID, userID, "date", commentText) VALUES(10, 8, 13, '2019-01-28 15:18:06', 'Isto é fake news! Não acreditem nisto pessoal');
INSERT INTO comment(id, postID, userID, "date", commentText) VALUES(11, 9, 11, '2019-02-27 19:34:41', 'Sugeria uma alteração a isso talvez...');
INSERT INTO comment(id, postID, userID, "date", commentText) VALUES(12, 10, 8, '2019-03-06 12:47:45', 'Cheira-me a esturro');
INSERT INTO comment(id, postID, userID, "date", commentText) VALUES(13, 11, 5, '2019-04-09 17:16:04', 'To be or not to be');
INSERT INTO comment(id, postID, userID, "date", commentText) VALUES(14, 11, 7, '2019-04-02 23:52:10', 'Este Pedro Silva anda muito poliglota sim senhor!');
INSERT INTO comment(id, postID, userID, "date", commentText) VALUES(15, 4, 12, '2019-03-16 02:33:27', 'Amanhã devo ficar em casa');
INSERT INTO comment(id, postID, userID, "date", commentText) VALUES(16, 12, 14, '2019-03-04 18:42:17', 'Está masé calado!');
INSERT INTO comment(id, postID, userID, "date", commentText) VALUES(17, 12, 13, '2019-03-05 15:42:17', 'Ui que agressividade!');
INSERT INTO comment(id, postID, userID, "date", commentText) VALUES(18, 12, 16, '2019-03-05 15:47:17', 'Vamos ter calma pessoal!');
INSERT INTO comment(id, postID, userID, "date", commentText) VALUES(19, 13, 14, '2020-03-15 03:51:37', 'De manhã é para dormir');
INSERT INTO comment(id, postID, userID, "date", commentText) VALUES(20, 14, 17, '2019-04-18 05:24:49', 'Ontem aleijei-me no pulso');
INSERT INTO comment(id, postID, userID, "date", commentText) VALUES(21, 15, 18, '2019-04-22 01:15:58', 'Não gosto de sardinhas');
INSERT INTO comment(id, postID, userID, "date", commentText) VALUES(22, 15, 20, '2019-04-25 20:27:58', 'Sardinhas é vida!');
INSERT INTO comment(id, postID, userID, "date", commentText) VALUES(23, 2, 1, '2019-03-23 17:30:31', 'Até era fixe!');
INSERT INTO comment(id, postID, userID, "date", commentText) VALUES(24, 1, 3, '2019-01-13 12:22:20', 'Eu preferia a segunda opção');
INSERT INTO comment(id, postID, userID, "date", commentText) VALUES(25, 3, 4, '2019-01-14 12:42:20', 'Não sei se vai dar...');

INSERT INTO message(id, sender, receiver, "date", messageText, hasBeenSeen) VALUES(1, 4, 14, '2019-02-11 13:41:32', 'Oi, adicionei-te como administrador porque eu sozinho não consigo acompanhar xD', TRUE);
INSERT INTO message(id, sender, receiver, "date", messageText, hasBeenSeen) VALUES(2, 4, 14, '2019-02-11 13:43:07', 'Depois dou-te mais dicas de como ser administrador', TRUE);
INSERT INTO message(id, sender, receiver, "date", messageText, hasBeenSeen) VALUES(3, 14, 4, '2019-02-11 13:47:12', 'Ah nice!', TRUE);
INSERT INTO message(id, sender, receiver, "date", messageText, hasBeenSeen) VALUES(4, 14, 4, '2019-02-11 13:47:54', 'Amanhã ensinas-me a trabalhar com isso', TRUE);
INSERT INTO message(id, sender, receiver, "date", messageText, hasBeenSeen) VALUES(5, 4, 14, '2019-02-11 13:48:22', 'Sim, depois no treino vemos', TRUE);
INSERT INTO message(id, sender, receiver, "date", messageText, hasBeenSeen) VALUES(6, 14, 4, '2019-02-11 13:48:44', 'Combinado então', TRUE);
INSERT INTO message(id, sender, receiver, "date", messageText, hasBeenSeen) VALUES(7, 4, 14, '2019-02-11 13:49:12', 'Até amanhã!', TRUE);
INSERT INTO message(id, sender, receiver, "date", messageText, hasBeenSeen) VALUES(8, 14, 4, '2019-02-11 13:49:32', 'Até amanhã!', TRUE);
INSERT INTO message(id, sender, receiver, "date", messageText, hasBeenSeen) VALUES(9, 5, 16, '2019-01-27 19:34:41', 'Vim só avisar que amanhã não sou eu à baliza', FALSE);
INSERT INTO message(id, sender, receiver, "date", messageText, hasBeenSeen) VALUES(10, 17, 2, '2019-03-04 12:43:45', 'Correu bem hoje a sessão', TRUE);
INSERT INTO message(id, sender, receiver, "date", messageText, hasBeenSeen) VALUES(11, 2, 17, '2019-03-04 12:44:15', 'Ya foi fixe até', TRUE);
INSERT INTO message(id, sender, receiver, "date", messageText, hasBeenSeen) VALUES(12, 2, 17, '2019-03-04 12:44:52', 'Mas para a semana há mais ainda xD', TRUE);
INSERT INTO message(id, sender, receiver, "date", messageText, hasBeenSeen) VALUES(13, 17, 2, '2019-03-04 12:46:10', 'True', TRUE);
INSERT INTO message(id, sender, receiver, "date", messageText, hasBeenSeen) VALUES(14, 10, 9, '2019-03-18 02:16:49', 'M10better_thanCR7 enviou um GIF', TRUE);
INSERT INTO message(id, sender, receiver, "date", messageText, hasBeenSeen) VALUES(15, 9, 10, '2019-03-18 02:17:31', 'Não consigo ver o gif', TRUE);
INSERT INTO message(id, sender, receiver, "date", messageText, hasBeenSeen) VALUES(16, 10, 9, '2019-03-18 02:18:23', 'Hehehe nao há gif. Aqui não dá para pôr gifs', TRUE);
INSERT INTO message(id, sender, receiver, "date", messageText, hasBeenSeen) VALUES(17, 9, 10, '2019-03-18 02:18:47', 'Depois dessa não fales mais para mim', TRUE);
INSERT INTO message(id, sender, receiver, "date", messageText, hasBeenSeen) VALUES(18, 5, 17, '2019-02-01 16:14:34', 'Hoje o jantar é às 20:30, ficas avisado', FALSE);
INSERT INTO message(id, sender, receiver, "date", messageText, hasBeenSeen) VALUES(19, 12, 5, '2019-01-01 22:38:58', 'Ontem vi-te no shopping', TRUE);
INSERT INTO message(id, sender, receiver, "date", messageText, hasBeenSeen) VALUES(20, 5, 12, '2019-01-01 22:39:23', 'Andava a passear xD', TRUE);
INSERT INTO message(id, sender, receiver, "date", messageText, hasBeenSeen) VALUES(21, 5, 12, '2019-01-01 22:39:54', 'Tenho que aproveitar os dias de folga', TRUE);
INSERT INTO message(id, sender, receiver, "date", messageText, hasBeenSeen) VALUES(22, 5, 12, '2019-01-01 22:40:28', 'Fazes bem aproveitei e fiz o mesmo.', TRUE);
INSERT INTO message(id, sender, receiver, "date", messageText, hasBeenSeen) VALUES(23, 8, 13, '2019-02-17 17:27:22', 'Amanhã siga piscina?', FALSE);
INSERT INTO message(id, sender, receiver, "date", messageText, hasBeenSeen) VALUES(24, 1, 3, '2019-03-09 09:35:34', 'Não podes fazer entradas dessas nos treinos', TRUE);
INSERT INTO message(id, sender, receiver, "date", messageText, hasBeenSeen) VALUES(25, 1, 3, '2019-03-09 09:35:34', 'Ainda lesionas alguém', TRUE);
INSERT INTO message(id, sender, receiver, "date", messageText, hasBeenSeen) VALUES(26, 1, 3, '2019-03-09 09:35:34', 'Vê se tens mais cuidado', TRUE);
INSERT INTO message(id, sender, receiver, "date", messageText, hasBeenSeen) VALUES(27, 3, 1, '2019-03-09 09:35:34', 'Eu sei. Eu depois pedi desculpa ao Danilo. Erro meu', TRUE);
INSERT INTO message(id, sender, receiver, "date", messageText, hasBeenSeen) VALUES(28, 13, 8, '2019-04-24 16:41:18', 'Desculpa só vi agora, mas também não podia ir', FALSE);
INSERT INTO message(id, sender, receiver, "date", messageText, hasBeenSeen) VALUES(29, 18, 19, '2019-03-27 19:24:15', 'Siga fazer uma churrascada com o pessoal', TRUE);
INSERT INTO message(id, sender, receiver, "date", messageText, hasBeenSeen) VALUES(30, 18, 19, '2019-03-27 19:25:05', 'Vemos o melhor dia (sem jogos perto) e combinamos', TRUE);
INSERT INTO message(id, sender, receiver, "date", messageText, hasBeenSeen) VALUES(31, 19, 18, '2019-03-27 19:25:45', 'Por mim siga!', TRUE);
INSERT INTO message(id, sender, receiver, "date", messageText, hasBeenSeen) VALUES(32, 18, 19, '2019-03-27 19:26:24', 'Somos nós a organizar', TRUE);
INSERT INTO message(id, sender, receiver, "date", messageText, hasBeenSeen) VALUES(33, 19, 18, '2019-03-27 19:28:13', 'Podemos ser.', TRUE);
INSERT INTO message(id, sender, receiver, "date", messageText, hasBeenSeen) VALUES(34, 19, 18, '2019-03-27 19:28:55', 'Só dei a ideia a ver se alinhavas', TRUE);
INSERT INTO message(id, sender, receiver, "date", messageText, hasBeenSeen) VALUES(35, 18, 19, '2019-03-27 19:30:15', 'Já alinhei! xD', FALSE);

INSERT INTO request(id, sender, receiver, clanID, "type", "date", hasAccepted) VALUES (1, 3, 12, NULL, 'friendRequest', '2019-04-16 23:23:59', TRUE);
INSERT INTO request(id, sender, receiver, clanID, "type", "date", hasAccepted) VALUES (2, 11, 14, 1, 'clanRequest', '2019-03-11 09:37:20', FALSE);
INSERT INTO request(id, sender, receiver, clanID, "type", "date", hasAccepted) VALUES (3, 7, 20, 2, 'clanRequest', '2019-04-12 19:45:56', FALSE);
INSERT INTO request(id, sender, receiver, clanID, "type", "date", hasAccepted) VALUES (4, 8, 11, NULL, 'friendRequest', '2019-03-16 13:25:26', TRUE);
INSERT INTO request(id, sender, receiver, clanID, "type", "date", hasAccepted) VALUES (5, 4, 2, NULL, 'friendRequest', '2019-04-02 09:18:01', FALSE);
INSERT INTO request(id, sender, receiver, clanID, "type", "date", hasAccepted) VALUES (6, 12, 20, 2, 'clanRequest', '2019-02-06 14:27:16', TRUE);
INSERT INTO request(id, sender, receiver, clanID, "type", "date", hasAccepted) VALUES (7, 8, 1, NULL, 'friendRequest', '2019-03-16 16:21:17', FALSE);
INSERT INTO request(id, sender, receiver, clanID, "type", "date", hasAccepted) VALUES (8, 5, 11, 4, 'clanRequest', '2019-02-19 10:32:39', FALSE);
INSERT INTO request(id, sender, receiver, clanID, "type", "date", hasAccepted) VALUES (9, 4, 4, 3, 'clanRequest', '2019-02-23 06:12:20', FALSE);
INSERT INTO request(id, sender, receiver, clanID, "type", "date", hasAccepted) VALUES (10, 2, 16, NULL, 'friendRequest', '2019-01-29 05:31:40', TRUE);

INSERT INTO blocked(id, userID, admin, "date", motive) VALUES (1, 13, 1, '2019-03-21 07:22:16', 'Racism');
INSERT INTO blocked(id, userID, admin, "date", motive) VALUES (2, 15, 2, '2019-04-01 21:42:32', 'Inappropriate behaviour');
INSERT INTO blocked(id, userID, admin, "date", motive) VALUES (3, 7, 1, '2019-03-27 19:32:15', 'Abusive content');
INSERT INTO blocked(id, userID, admin, "date", motive) VALUES (4, 9, 1, '2019-03-23 12:13:20', 'Inappropriate behaviour');
INSERT INTO blocked(id, userID, admin, "date", motive) VALUES (5, 18, 2, '2019-03-31 05:16:33', 'Inappropriate behaviour');

INSERT INTO report(id, sender, admin, "date", reportText, motive) VALUES(1, 1, 1, '2019-03-21 07:22:16', 'This user used abusive content', 'Abusive content');
INSERT INTO report(id, sender, admin, "date", reportText, motive) VALUES(2, 1, 1, '2019-02-09 23:02:30', 'Abusive user', 'Inappropriate behaviour');
INSERT INTO report(id, sender, admin, "date", reportText, motive) VALUES(3, 1, 1, '2019-03-04 13:22:03', 'color skin', 'Racism');
INSERT INTO report(id, sender, admin, "date", reportText, motive) VALUES(4, 1, 1, '2019-04-02 13:23:18', 'He/She sent me abusive content', 'Abusive content');
INSERT INTO report(id, sender, admin, "date", reportText, motive) VALUES(5, 1, 1, '2019-03-19 13:07:04', 'This user must be banned!', 'Inappropriate behaviour');
INSERT INTO report(id, sender, admin, "date", reportText, motive) VALUES(6, 1, 1, '2019-03-27 12:22:02', 'Abusive user!!', 'Inappropriate behaviour');
INSERT INTO report(id, sender, admin, "date", reportText, motive) VALUES(7, 1, 1, '2019-02-09 23:02:30', 'He said abusive words', 'Abusive content');
INSERT INTO report(id, sender, admin, "date", reportText, motive) VALUES(8, 1, 1, '2019-02-22 23:02:20', 'Soooo inappropriate', 'Inappropriate behaviour');
INSERT INTO report(id, sender, admin, "date", reportText, motive) VALUES(9, 1, 1, '2019-03-27 12:22:02', 'Inappropriate content', 'Abusive content');
INSERT INTO report(id, sender, admin, "date", reportText, motive) VALUES(10, 1, 1, '2019-03-13 15:07:02', 'Content not permited', 'Abusive content');

INSERT INTO commentReport(reportID, commentID) VALUES(2, 21);
INSERT INTO commentReport(reportID, commentID) VALUES(3, 21);
INSERT INTO commentReport(reportID, commentID) VALUES(5, 21);
INSERT INTO commentReport(reportID, commentID) VALUES(7, 21);

INSERT INTO postReport(reportID, postID) VALUES(1, 2);
INSERT INTO postReport(reportID, postID) VALUES(4, 3);
INSERT INTO postReport(reportID, postID) VALUES(6, 1);
INSERT INTO postReport(reportID, postID) VALUES(8, 2);
INSERT INTO postReport(reportID, postID) VALUES(9, 3);
INSERT INTO postReport(reportID, postID) VALUES(10, 1);

INSERT INTO notification(id, "type", "date", hasBeenSeen) VALUES(1, 'like', '2019-04-04 04:12:10', FALSE);
INSERT INTO notification(id, "type", "date", hasBeenSeen) VALUES(2, 'like', '2019-03-27 12:22:02', TRUE);
INSERT INTO notification(id, "type", "date", hasBeenSeen) VALUES(3, 'message', '2019-03-23 13:42:20', TRUE);
INSERT INTO notification(id, "type", "date", hasBeenSeen) VALUES(4, 'message', '2019-02-03 12:02:43', FALSE);
INSERT INTO notification(id, "type", "date", hasBeenSeen) VALUES(5, 'like', '2019-04-3 17:22:16', FALSE);
INSERT INTO notification(id, "type", "date", hasBeenSeen) VALUES(6, 'message', '2019-03-22 18:02:04', FALSE);
INSERT INTO notification(id, "type", "date", hasBeenSeen) VALUES(7, 'like', '2019-03-02 21:12:30', TRUE);
INSERT INTO notification(id, "type", "date", hasBeenSeen) VALUES(8, 'clanInvite', '2019-02-09 23:02:30', FALSE);
INSERT INTO notification(id, "type", "date", hasBeenSeen) VALUES(9, 'clanInvite', '2019-02-01 05:23:26', TRUE);
INSERT INTO notification(id, "type", "date", hasBeenSeen) VALUES(10, 'message', '2019-02-07 12:52:20', TRUE);
INSERT INTO notification(id, "type", "date", hasBeenSeen) VALUES(11, 'message', '2019-03-04 13:22:03', FALSE);
INSERT INTO notification(id, "type", "date", hasBeenSeen) VALUES(12, 'clanInvite', '2019-03-16 01:32:50', TRUE);
INSERT INTO notification(id, "type", "date", hasBeenSeen) VALUES(13, 'comment', '2019-01-07 12:02:27', TRUE);
INSERT INTO notification(id, "type", "date", hasBeenSeen) VALUES(14, 'friendRequest', '2019-03-05 11:02:26', FALSE);
INSERT INTO notification(id, "type", "date", hasBeenSeen) VALUES(15, 'comment', '2019-03-26 11:23:25', TRUE);
INSERT INTO notification(id, "type", "date", hasBeenSeen) VALUES(16, 'friendRequest', '2019-01-02 16:52:50', FALSE);
INSERT INTO notification(id, "type", "date", hasBeenSeen) VALUES(17, 'clanInvite', '2019-03-19 13:07:04', FALSE);
INSERT INTO notification(id, "type", "date", hasBeenSeen) VALUES(18, 'share', '2019-03-13 15:07:02', TRUE);
INSERT INTO notification(id, "type", "date", hasBeenSeen) VALUES(19, 'share', '2019-03-27 16:32:20', TRUE);
INSERT INTO notification(id, "type", "date", hasBeenSeen) VALUES(20, 'friendRequest', '2019-03-12 16:32:30', FALSE);
INSERT INTO notification(id, "type", "date", hasBeenSeen) VALUES(21, 'comment', '2019-04-01 17:52:30', TRUE);
INSERT INTO notification(id, "type", "date", hasBeenSeen) VALUES(22, 'comment', '2019-03-24 14:22:23', TRUE);
INSERT INTO notification(id, "type", "date", hasBeenSeen) VALUES(23, 'friendRequest', '2019-04-01 19:02:40', FALSE);
INSERT INTO notification(id, "type", "date", hasBeenSeen) VALUES(24, 'like', '2019-03-16 23:23:59', TRUE);
INSERT INTO notification(id, "type", "date", hasBeenSeen) VALUES(25, 'comment', '2019-02-22 23:02:20', TRUE);
INSERT INTO notification(id, "type", "date", hasBeenSeen) VALUES(26, 'friendRequest', '2019-02-02 16:22:40', TRUE);
INSERT INTO notification(id, "type", "date", hasBeenSeen) VALUES(27, 'share', '2019-02-12 16:21:50', FALSE);
INSERT INTO notification(id, "type", "date", hasBeenSeen) VALUES(28, 'share', '2019-03-15 12:23:56', FALSE);
INSERT INTO notification(id, "type", "date", hasBeenSeen) VALUES(29, 'clanInvite', '2019-03-23 16:12:16', TRUE);
INSERT INTO notification(id, "type", "date", hasBeenSeen) VALUES(30, 'share', '2019-04-02 13:23:18', FALSE);

INSERT INTO clanInviteNotification(notificationID, requestID) VALUES (8, 1);
INSERT INTO clanInviteNotification(notificationID, requestID) VALUES (9, 2);
INSERT INTO clanInviteNotification(notificationID, requestID) VALUES (6, 3);
INSERT INTO clanInviteNotification(notificationID, requestID) VALUES (10, 4);
INSERT INTO clanInviteNotification(notificationID, requestID) VALUES (11, 5);

INSERT INTO messageNotification(notificationID, messageID) VALUES (3, 1);
INSERT INTO messageNotification(notificationID, messageID) VALUES (4, 2);
INSERT INTO messageNotification(notificationID, messageID) VALUES (21,3);
INSERT INTO messageNotification(notificationID, messageID) VALUES (22, 4);
INSERT INTO messageNotification(notificationID, messageID) VALUES (25, 5);

INSERT INTO friendRequestNotification(notificationID, requestID) VALUES(14, 1);
INSERT INTO friendRequestNotification(notificationID, requestID) VALUES(16, 2);
INSERT INTO friendRequestNotification(notificationID, requestID) VALUES(20, 3);
INSERT INTO friendRequestNotification(notificationID, requestID) VALUES(23, 4);
INSERT INTO friendRequestNotification(notificationID, requestID) VALUES(26, 5);

INSERT INTO likeNotification(notificationID, likePostID, likeUserID) VALUES (1, 1, 4);
INSERT INTO likeNotification(notificationID, likePostID, likeUserID) VALUES (2, 1, 7);
INSERT INTO likeNotification(notificationID, likePostID, likeUserID) VALUES (5, 1, 17);
INSERT INTO likeNotification(notificationID, likePostID, likeUserID) VALUES (7, 2, 4);
INSERT INTO likeNotification(notificationID, likePostID, likeUserID) VALUES (24, 2, 11);

INSERT INTO commentNotification(notificationID, commentID) VALUES (13, 1);
INSERT INTO commentNotification(notificationID, commentID) VALUES (15, 2);
INSERT INTO commentNotification(notificationID, commentID) VALUES (21, 3);
INSERT INTO commentNotification(notificationID, commentID) VALUES (22, 4);
INSERT INTO commentNotification(notificationID, commentID) VALUES (25, 5);

INSERT INTO shareNotification(notificationID, sharePostID, shareUserID) VALUES(18, 9, 5);
INSERT INTO shareNotification(notificationID, sharePostID, shareUserID) VALUES(19, 2, 10);
INSERT INTO shareNotification(notificationID, sharePostID, shareUserID) VALUES(27, 3, 6);
INSERT INTO shareNotification(notificationID, sharePostID, shareUserID) VALUES(28, 12, 3);
INSERT INTO shareNotification(notificationID, sharePostID, shareUserID) VALUES(30, 5, 19);