INSERT INTO "user"(id, email, username, password, name, birthdate, race, class, xp, isAdmin, clanID) VALUES(1, rui.patricio@gmail.com, );
INSERT INTO "user"(id, email, username, password, name, birthdate, race, class, xp, isAdmin, clanID) VALUES(2);
INSERT INTO "user"(id, email, username, password, name, birthdate, race, class, xp, isAdmin, clanID) VALUES(3);
INSERT INTO "user"(id, email, username, password, name, birthdate, race, class, xp, isAdmin, clanID) VALUES(4);
INSERT INTO "user"(id, email, username, password, name, birthdate, race, class, xp, isAdmin, clanID) VALUES(5);
INSERT INTO "user"(id, email, username, password, name, birthdate, race, class, xp, isAdmin, clanID) VALUES(6);
INSERT INTO "user"(id, email, username, password, name, birthdate, race, class, xp, isAdmin, clanID) VALUES(7);
INSERT INTO "user"(id, email, username, password, name, birthdate, race, class, xp, isAdmin, clanID) VALUES(8);
INSERT INTO "user"(id, email, username, password, name, birthdate, race, class, xp, isAdmin, clanID) VALUES(9);
INSERT INTO "user"(id, email, username, password, name, birthdate, race, class, xp, isAdmin, clanID) VALUES(10);
INSERT INTO "user"(id, email, username, password, name, birthdate, race, class, xp, isAdmin, clanID) VALUES(11);
INSERT INTO "user"(id, email, username, password, name, birthdate, race, class, xp, isAdmin, clanID) VALUES(12);
INSERT INTO "user"(id, email, username, password, name, birthdate, race, class, xp, isAdmin, clanID) VALUES(13);
INSERT INTO "user"(id, email, username, password, name, birthdate, race, class, xp, isAdmin, clanID) VALUES(14);
INSERT INTO "user"(id, email, username, password, name, birthdate, race, class, xp, isAdmin, clanID) VALUES(15);
INSERT INTO "user"(id, email, username, password, name, birthdate, race, class, xp, isAdmin, clanID) VALUES(16);
INSERT INTO "user"(id, email, username, password, name, birthdate, race, class, xp, isAdmin, clanID) VALUES(17);
INSERT INTO "user"(id, email, username, password, name, birthdate, race, class, xp, isAdmin, clanID) VALUES(18);
INSERT INTO "user"(id, email, username, password, name, birthdate, race, class, xp, isAdmin, clanID) VALUES(19);
INSERT INTO "user"(id, email, username, password, name, birthdate, race, class, xp, isAdmin, clanID) VALUES(20);

INSERT INTO clan(id, name, description, ownerID) VALUES();
INSERT INTO clan(id, name, description, ownerID) VALUES();
INSERT INTO clan(id, name, description, ownerID) VALUES();
INSERT INTO clan(id, name, description, ownerID) VALUES();
INSERT INTO clan(id, name, description, ownerID) VALUES();
INSERT INTO clan(id, name, description, ownerID) VALUES();

INSERT INTO post (id, "date", content, hasImg, userID) VALUES (1, '2019-02-11 13:41:32', 'science is unnecessary. you cant use science to expect good things out of light yagami', TRUE, 1);
INSERT INTO post (id, "date", content, hasImg, userID) VALUES (2, '2019-03-21 17:30:31', 'today someone called me ugly and i was like well at least i destroy good things', FALSE, 3);
INSERT INTO post (id, "date", content, hasImg, userID) VALUES (3, '2019-01-13 12:22:20', 'I am not gentle or kind. i support corn', FALSE, 15);
INSERT INTO post (id, "date", content, hasImg, userID) VALUES (4, '2019-03-15 02:31:27', 'Com este commit, a compilação final do programa corrigiu o bug na definição de variaveis com tipos estáticos.', TRUE, 20);
INSERT INTO post (id, "date", content, hasImg, userID) VALUES (5, '2019-02-17 04:16:04', 'Explica pro Product Onwer que a otimização de performance da renderização do DOM causou o bug da execução parelela de funções em multi-threads.', TRUE, 14);
INSERT INTO post (id, "date", content, hasImg, userID) VALUES (6, '2019-03-14 05:05:17', 'A equipe de suporte precisa saber que o deploy automatizado no Heroku facilitou a resolução de conflito de estados estáticos nos componentes da UI.', FALSE, 5);
INSERT INTO post (id, "date", content, hasImg, userID) VALUES (7, '2019-01-21 12:12:19', 'Nesse pull request, o deploy automatizado no Heroku causou o bug na interpolação dinâmica de strings.', TRUE, 2);
INSERT INTO post (id, "date", content, hasImg, userID) VALUES (8, '2019-01-26 15:18:06', 'Nesse pull request, a compilação final do programa otimizou a renderização no parse retroativo do DOM.', FALSE, 15);
INSERT INTO post (id, "date", content, hasImg, userID) VALUES (9, '2019-01-27 19:34:41', 'A equipe de suporte precisa saber que o módulo de recursão paralela causou o bug da execução de requisições effcientes na API.', FALSE, 13);
INSERT INTO post (id, "date", content, hasImg, userID) VALUES (10, '2019-03-04 12:43:45', 'Com este commit, a normalização da data corrigiu o bug de uma compilação com tempo acima da media.', TRUE, 12);
INSERT INTO post (id, "date", content, hasImg, userID) VALUES (11, '2019-04-05 17:16:04', 'Explica pro Product Onwer que o módulo de recursão paralela causou a race condition na interpolação dinâmica de strings.', TRUE, 10);
INSERT INTO post (id, "date", content, hasImg, userID) VALUES (12, '2019-03-02 15:42:17', 'A equipe de suporte precisa saber que o deploy automatizado no Heroku corrigiu o bug na organização alfanumérico dos arrays multidimensionais.', TRUE, 5);
INSERT INTO post (id, "date", content, hasImg, userID) VALUES (13, '2019-03-15 03:51:37', 'Com este commit, a compilação final do programa otimizou a renderização do JSON compilado a partir de proto-buffers.', FALSE, 3);
INSERT INTO post (id, "date", content, hasImg, userID) VALUES (14, '2019-03-18 02:16:49', 'Nesse pull request, a otimização de performance da renderização do DOM deletou todas as entradas dos argumentos que definem um schema dinâmico.', TRUE, 2);
INSERT INTO post (id, "date", content, hasImg, userID) VALUES (15, '2019-04-21 19:05:58', 'Nesse pull request, um erro não identificado facilitou a resolução de conflito do carregamento de JSON delimitado por linhas.', FALSE, 19);

INSERT INTO "like"(postID, userID, "date") VALUES();
INSERT INTO "like"(postID, userID, "date") VALUES();
INSERT INTO "like"(postID, userID, "date") VALUES();
INSERT INTO "like"(postID, userID, "date") VALUES();
INSERT INTO "like"(postID, userID, "date") VALUES();
INSERT INTO "like"(postID, userID, "date") VALUES();
INSERT INTO "like"(postID, userID, "date") VALUES();
INSERT INTO "like"(postID, userID, "date") VALUES();
INSERT INTO "like"(postID, userID, "date") VALUES();
INSERT INTO "like"(postID, userID, "date") VALUES();
INSERT INTO "like"(postID, userID, "date") VALUES();
INSERT INTO "like"(postID, userID, "date") VALUES();
INSERT INTO "like"(postID, userID, "date") VALUES();
INSERT INTO "like"(postID, userID, "date") VALUES();
INSERT INTO "like"(postID, userID, "date") VALUES();
INSERT INTO "like"(postID, userID, "date") VALUES();
INSERT INTO "like"(postID, userID, "date") VALUES();
INSERT INTO "like"(postID, userID, "date") VALUES();
INSERT INTO "like"(postID, userID, "date") VALUES();
INSERT INTO "like"(postID, userID, "date") VALUES();

INSERT INTO share(postID, userID, content, "date") VALUES (2, 10, 'bump to this!', '2019-03-31 09:23:14');
INSERT INTO share(postID, userID, content, "date") VALUES (3, 6, 'So funny!', '2019-02-21 09:29:10');
INSERT INTO share(postID, userID, content, "date") VALUES (12, 3, 'I agree with you', '2019-01-19 09:29:41');
INSERT INTO share(postID, userID, content, "date") VALUES (5, 19, 'Case terminated!', '2019-02-22 09:12:23');
INSERT INTO share(postID, userID, content, "date") VALUES (10, 4, 'This information is so wrong!', '2019-04-01 19:22:53');
INSERT INTO share(postID, userID, content, "date") VALUES (9, 5, 'This post is so nice!', '2019-04-02 23:42:10');

INSERT INTO comment(id, postID, userID, "date", commentText) VALUES(1, 2, 5, '2019-04-02 23:42:10', );
INSERT INTO comment(id, postID, userID, "date", commentText) VALUES(2, 2, 4, '2019-04-02 23:42:10', );
INSERT INTO comment(id, postID, userID, "date", commentText) VALUES(3, 2, 4, '2019-04-02 23:42:10', );
INSERT INTO comment(id, postID, userID, "date", commentText) VALUES(4, 2, 4, '2019-04-02 23:42:10', );
INSERT INTO comment(id, postID, userID, "date", commentText) VALUES(5, 2, 4, '2019-04-02 23:42:10', );
INSERT INTO comment(id, postID, userID, "date", commentText) VALUES(6, 2, 4, '2019-04-02 23:42:10', );
INSERT INTO comment(id, postID, userID, "date", commentText) VALUES(7, 2, 4, '2019-04-02 23:42:10', );
INSERT INTO comment(id, postID, userID, "date", commentText) VALUES(8, 2, 4, '2019-04-02 23:42:10', );
INSERT INTO comment(id, postID, userID, "date", commentText) VALUES(9, 2, 4, '2019-04-02 23:42:10', );
INSERT INTO comment(id, postID, userID, "date", commentText) VALUES(10, 2, 4, '2019-04-02 23:42:10', );
INSERT INTO comment(id, postID, userID, "date", commentText) VALUES(11, 2, 4, '2019-04-02 23:42:10', );
INSERT INTO comment(id, postID, userID, "date", commentText) VALUES(12, 2, 4, '2019-04-02 23:42:10', );
INSERT INTO comment(id, postID, userID, "date", commentText) VALUES(13, 2, 4, '2019-04-02 23:42:10', );
INSERT INTO comment(id, postID, userID, "date", commentText) VALUES(14, 2, 4, '2019-04-02 23:42:10', );
INSERT INTO comment(id, postID, userID, "date", commentText) VALUES(15, 2, 4, '2019-04-02 23:42:10', );
INSERT INTO comment(id, postID, userID, "date", commentText) VALUES(16, 2, 4, '2019-04-02 23:42:10', );
INSERT INTO comment(id, postID, userID, "date", commentText) VALUES(17, 2, 4, '2019-04-02 23:42:10', );
INSERT INTO comment(id, postID, userID, "date", commentText) VALUES(18, 2, 4, '2019-04-02 23:42:10', );
INSERT INTO comment(id, postID, userID, "date", commentText) VALUES(19, 2, 4, '2019-04-02 23:42:10', );
INSERT INTO comment(id, postID, userID, "date", commentText) VALUES(20, 2, 4, '2019-04-02 23:42:10', );
INSERT INTO comment(id, postID, userID, "date", commentText) VALUES(21, 2, 4, '2019-04-02 23:42:10', );
INSERT INTO comment(id, postID, userID, "date", commentText) VALUES(22, 2, 4, '2019-04-02 23:42:10', );
INSERT INTO comment(id, postID, userID, "date", commentText) VALUES(23, 2, 4, '2019-04-02 23:42:10', );
INSERT INTO comment(id, postID, userID, "date", commentText) VALUES(24, 2, 4, '2019-04-02 23:42:10', );
INSERT INTO comment(id, postID, userID, "date", commentText) VALUES(25, 2, 4, '2019-04-02 23:42:10', );

INSERT INTO message(id, sender, receiver, "date", messageText, hasBeenSeen) VALUES();
INSERT INTO message(id, sender, receiver, "date", messageText, hasBeenSeen) VALUES();
INSERT INTO message(id, sender, receiver, "date", messageText, hasBeenSeen) VALUES();
INSERT INTO message(id, sender, receiver, "date", messageText, hasBeenSeen) VALUES();
INSERT INTO message(id, sender, receiver, "date", messageText, hasBeenSeen) VALUES();
INSERT INTO message(id, sender, receiver, "date", messageText, hasBeenSeen) VALUES();
INSERT INTO message(id, sender, receiver, "date", messageText, hasBeenSeen) VALUES();
INSERT INTO message(id, sender, receiver, "date", messageText, hasBeenSeen) VALUES();
INSERT INTO message(id, sender, receiver, "date", messageText, hasBeenSeen) VALUES();
INSERT INTO message(id, sender, receiver, "date", messageText, hasBeenSeen) VALUES();
INSERT INTO message(id, sender, receiver, "date", messageText, hasBeenSeen) VALUES();
INSERT INTO message(id, sender, receiver, "date", messageText, hasBeenSeen) VALUES();
INSERT INTO message(id, sender, receiver, "date", messageText, hasBeenSeen) VALUES();
INSERT INTO message(id, sender, receiver, "date", messageText, hasBeenSeen) VALUES();
INSERT INTO message(id, sender, receiver, "date", messageText, hasBeenSeen) VALUES();
INSERT INTO message(id, sender, receiver, "date", messageText, hasBeenSeen) VALUES();
INSERT INTO message(id, sender, receiver, "date", messageText, hasBeenSeen) VALUES();
INSERT INTO message(id, sender, receiver, "date", messageText, hasBeenSeen) VALUES();
INSERT INTO message(id, sender, receiver, "date", messageText, hasBeenSeen) VALUES();
INSERT INTO message(id, sender, receiver, "date", messageText, hasBeenSeen) VALUES();
INSERT INTO message(id, sender, receiver, "date", messageText, hasBeenSeen) VALUES();
INSERT INTO message(id, sender, receiver, "date", messageText, hasBeenSeen) VALUES();
INSERT INTO message(id, sender, receiver, "date", messageText, hasBeenSeen) VALUES();
INSERT INTO message(id, sender, receiver, "date", messageText, hasBeenSeen) VALUES();
INSERT INTO message(id, sender, receiver, "date", messageText, hasBeenSeen) VALUES();
INSERT INTO message(id, sender, receiver, "date", messageText, hasBeenSeen) VALUES();
INSERT INTO message(id, sender, receiver, "date", messageText, hasBeenSeen) VALUES();
INSERT INTO message(id, sender, receiver, "date", messageText, hasBeenSeen) VALUES();
INSERT INTO message(id, sender, receiver, "date", messageText, hasBeenSeen) VALUES();
INSERT INTO message(id, sender, receiver, "date", messageText, hasBeenSeen) VALUES();
INSERT INTO message(id, sender, receiver, "date", messageText, hasBeenSeen) VALUES();
INSERT INTO message(id, sender, receiver, "date", messageText, hasBeenSeen) VALUES();
INSERT INTO message(id, sender, receiver, "date", messageText, hasBeenSeen) VALUES();
INSERT INTO message(id, sender, receiver, "date", messageText, hasBeenSeen) VALUES();
INSERT INTO message(id, sender, receiver, "date", messageText, hasBeenSeen) VALUES();

INSERT INTO request(id, sender, receiver, clanID, "type", "date", hasAccepted) VALUES (1, 1, 1, 1, 'friendRequest', '2019-04-16 23:23:59', TRUE);
INSERT INTO request(id, sender, receiver, clanID, "type", "date", hasAccepted) VALUES (2, 1, 1, 1, 'friendRequest', '2019-03-11 09:37:20', FALSE);
INSERT INTO request(id, sender, receiver, clanID, "type", "date", hasAccepted) VALUES (3, 1, 1, 1, 'friendRequest', '2019-04-12 19:45:56', FALSE);
INSERT INTO request(id, sender, receiver, clanID, "type", "date", hasAccepted) VALUES (4, 1, 1, 1, 'friendRequest', '2019-03-16 13:25:26', TRUE);
INSERT INTO request(id, sender, receiver, clanID, "type", "date", hasAccepted) VALUES (5, 1, 1, 1, 'friendRequest', '2019-04-02 09:18:01', FALSE);
INSERT INTO request(id, sender, receiver, clanID, "type", "date", hasAccepted) VALUES (6, 1, 1, 1, 'friendRequest', '2019-02-06 14:27:16', TRUE);
INSERT INTO request(id, sender, receiver, clanID, "type", "date", hasAccepted) VALUES (7, 1, 1, 1, 'friendRequest', '2019-03-16 16:21:17', FALSE);
INSERT INTO request(id, sender, receiver, clanID, "type", "date", hasAccepted) VALUES (8, 1, 1, 1, 'friendRequest', '2019-02-19 10:32:39', FALSE);
INSERT INTO request(id, sender, receiver, clanID, "type", "date", hasAccepted) VALUES (9, 1, 1, 1, 'friendRequest', '2019-02-23 06:12:20', FALSE);
INSERT INTO request(id, sender, receiver, clanID, "type", "date", hasAccepted) VALUES (10, 1, 1, 1, 'friendRequest', '2019-01-29 05:31:40', TRUE);

INSERT INTO blocked(userID, admin, "date", motive) VALUES (13, 1, '2019-03-21 07:22:16', 'Racism');
INSERT INTO blocked(userID, admin, "date", motive) VALUES (15, 2, '2019-04-01 21:42:32', 'Inappropriate behaviour');
INSERT INTO blocked(userID, admin, "date", motive) VALUES (7, 1, '2019-03-27 19:32:15', 'Abusive content');
INSERT INTO blocked(userID, admin, "date", motive) VALUES (9, 1, '2019-03-23 12:13:20', 'Inappropriate behaviour');
INSERT INTO blocked(userID, admin, "date", motive) VALUES (18, 2, '2019-03-31 05:16:33', 'Inappropriate behaviour');

INSERT INTO report(id, sender, admin, "date", reportText, motive) VALUES(1, 1, 1, '2019-03-21 07:22:16', 'This user used abusive content', 'Abusive content');
INSERT INTO report(id, sender, admin, "date", reportText, motive) VALUES(2, 1, 1, '2019-02-09 23:02:30', 'Abusive user', 'Inappropriate behaviour');
INSERT INTO report(id, sender, admin, "date", reportText, motive) VALUES(3, 1, 1, '2019-03-04 13:22:03', 'color skin', 'Racism');
INSERT INTO report(id, sender, admin, "date", reportText, motive) VALUES(4, 1, 1, '2019-04-02 13:23:18', 'He/She sent me abusive content', 'Abusive content');
INSERT INTO report(id, sender, admin, "date", reportText, motive) VALUES(5, 1, 1, '2019-03-19 13:07:04', 'This user must be banned!', 'Inappropriate behaviour');
INSERT INTO report(id, sender, admin, "date", reportText, motive) VALUES(6, 1, 1, '2019-03-27 12:22:02', 'Abusive user!!', 'Inappropriate behaviour');
INSERT INTO report(id, sender, admin, "date", reportText, motive) VALUES(7, 1, 1, '2019-02-09 23:02:30', 'He said abusive words', 'Abusive content');
INSERT INTO report(id, sender, admin, "date", reportText, motive) VALUES(8, 1, 1, '2019-02-22 23:02:20', 'Soooo inappropriate', 'Inappropriate behaviour');
INSERT INTO report(id, sender, admin, "date", reportText, motive) VALUES(9, 1, 1, '2019-03-27 12:22:02', 'Inappropriate content', 'Abusive content');
INSERT INTO report(id, sender, admin, "date", reportText, motive) VALUES(10, 1, 1, '2019-03-13 15:07:02', 'Content not permited', 'Abusive content');

INSERT INTO commentReport(reportID, commentID) VALUES(2, );
INSERT INTO commentReport(reportID, commentID) VALUES(3, );
INSERT INTO commentReport(reportID, commentID) VALUES(5, );
INSERT INTO commentReport(reportID, commentID) VALUES(7, );

INSERT INTO postReport(reportID, postID) VALUES(1, 2);
INSERT INTO postReport(reportID, postID) VALUES(4, 3);
INSERT INTO postReport(reportID, postID) VALUES(6, 1);
INSERT INTO postReport(reportID, postID) VALUES(8, );
INSERT INTO postReport(reportID, postID) VALUES(9, );
INSERT INTO postReport(reportID, postID) VALUES(10, );

INSERT INTO notification(id, "type", "date", hasBeenSeen) VALUES(1, 'like', '2019-04-04 04:12:10', FALSE);
INSERT INTO notification(id, "type", "date", hasBeenSeen) VALUES(2, 'like', '2019-03-27 12:22:02', TRUE);
INSERT INTO notification(id, "type", "date", hasBeenSeen) VALUES(3, 'message', '2019-03-23 13:42:20', TRUE);
INSERT INTO notification(id, "type", "date", hasBeenSeen) VALUES(4, 'message', '2019-02-03 12:02:43', FALSE);
INSERT INTO notification(id, "type", "date", hasBeenSeen) VALUES(5, 'like', '2019-04-3 17:22:16', FALSE);
INSERT INTO notification(id, "type", "date", hasBeenSeen) VALUES(6, 'message', '2019-03-22 18:02:04', FALSE);
INSERT INTO notification(id, "type", "date", hasBeenSeen) VALUES(7, 'like', '2019-03-02 21:12:30', TRUE);
INSERT INTO notification(id, "type", "date", hasBeenSeen) VALUES(8, 'clanInvite', '2019-02-09 23:02:30', FALSE);
INSERT INTO notification(id, "type", "date", hasBeenSeen) VALUES(9, 'clanInvite', '2019-02-01 05:23:26', TRUE);
INSERT INTO notification(id, "type", "date", hasBeenSeen) VALUES(10, 'message', '2019-02-07 12:52:20', TRUE);
INSERT INTO notification(id, "type", "date", hasBeenSeen) VALUES(11, 'message', '2019-03-04 13:22:03', FALSE);
INSERT INTO notification(id, "type", "date", hasBeenSeen) VALUES(12, 'clanInvite', '2019-03-16 01:32:50', TRUE);
INSERT INTO notification(id, "type", "date", hasBeenSeen) VALUES(13, 'comment', '2019-01-07 12:02:27', TRUE);
INSERT INTO notification(id, "type", "date", hasBeenSeen) VALUES(14, 'friendRequest', '2019-03-05 11:02:26', FALSE);
INSERT INTO notification(id, "type", "date", hasBeenSeen) VALUES(15, 'comment', '2019-03-26 11:23:25', TRUE);
INSERT INTO notification(id, "type", "date", hasBeenSeen) VALUES(16, 'friendRequest', '2019-01-02 16:52:50', FALSE);
INSERT INTO notification(id, "type", "date", hasBeenSeen) VALUES(17, 'clanInvite', '2019-03-19 13:07:04', FALSE);
INSERT INTO notification(id, "type", "date", hasBeenSeen) VALUES(18, 'share', '2019-03-13 15:07:02', TRUE);
INSERT INTO notification(id, "type", "date", hasBeenSeen) VALUES(19, 'share', '2019-03-27 16:32:20', TRUE);
INSERT INTO notification(id, "type", "date", hasBeenSeen) VALUES(20, 'friendRequest', '2019-03-12 16:32:30', FALSE);
INSERT INTO notification(id, "type", "date", hasBeenSeen) VALUES(21, 'comment', '2019-04-01 17:52:30', TRUE);
INSERT INTO notification(id, "type", "date", hasBeenSeen) VALUES(22, 'comment', '2019-03-24 14:22:23', TRUE);
INSERT INTO notification(id, "type", "date", hasBeenSeen) VALUES(23, 'friendRequest', '2019-04-01 19:02:40', FALSE);
INSERT INTO notification(id, "type", "date", hasBeenSeen) VALUES(24, 'like', '2019-03-16 23:23:59', TRUE);
INSERT INTO notification(id, "type", "date", hasBeenSeen) VALUES(25, 'comment', '2019-02-22 23:02:20', TRUE);
INSERT INTO notification(id, "type", "date", hasBeenSeen) VALUES(26, 'friendRequest', '2019-02-02 16:22:40', TRUE);
INSERT INTO notification(id, "type", "date", hasBeenSeen) VALUES(27, 'share', '2019-02-12 16:21:50', FALSE);
INSERT INTO notification(id, "type", "date", hasBeenSeen) VALUES(28, 'share', '2019-03-15 12:23:56', FALSE);
INSERT INTO notification(id, "type", "date", hasBeenSeen) VALUES(29, 'clanInvite', '2019-03-23 16:12:16', TRUE);
INSERT INTO notification(id, "type", "date", hasBeenSeen) VALUES(30, 'share', '2019-04-02 13:23:18', FALSE);

INSERT INTO clanInviteNotification(notificationID, requestID) VALUES (8, 1);
INSERT INTO clanInviteNotification(notificationID, requestID) VALUES (9, 1);
INSERT INTO clanInviteNotification(notificationID, requestID) VALUES (6, 1);
INSERT INTO clanInviteNotification(notificationID, requestID) VALUES (10, 1);
INSERT INTO clanInviteNotification(notificationID, requestID) VALUES (11, 1);

INSERT INTO messageNotification(notificationID, messageID) VALUES (3, 1);
INSERT INTO messageNotification(notificationID, messageID) VALUES (4, 1);
INSERT INTO messageNotification(notificationID, messageID) VALUES (21, 1);
INSERT INTO messageNotification(notificationID, messageID) VALUES (22, 1);
INSERT INTO messageNotification(notificationID, messageID) VALUES (25, 1);

INSERT INTO friendRequestNotification(notificationID, requestID) VALUES(14, 1);
INSERT INTO friendRequestNotification(notificationID, requestID) VALUES(16, 1);
INSERT INTO friendRequestNotification(notificationID, requestID) VALUES(20, 1);
INSERT INTO friendRequestNotification(notificationID, requestID) VALUES(23, 1);
INSERT INTO friendRequestNotification(notificationID, requestID) VALUES(26, 1);

INSERT INTO likeNotification(notificationID, likePostID, likeUserID) VALUES (1, 1, 1);
INSERT INTO likeNotification(notificationID, likePostID, likeUserID) VALUES (2, 1, 1);
INSERT INTO likeNotification(notificationID, likePostID, likeUserID) VALUES (5, 1, 1);
INSERT INTO likeNotification(notificationID, likePostID, likeUserID) VALUES (7, 1, 1);
INSERT INTO likeNotification(notificationID, likePostID, likeUserID) VALUES (24, 1, 1);

INSERT INTO commentNotification(notificationID, commentID) VALUES (13, 1);
INSERT INTO commentNotification(notificationID, commentID) VALUES (15, 1);
INSERT INTO commentNotification(notificationID, commentID) VALUES (21, 1);
INSERT INTO commentNotification(notificationID, commentID) VALUES (22, 1);
INSERT INTO commentNotification(notificationID, commentID) VALUES (25, 1);

INSERT INTO shareNotification(notificationID, sharePostID, shareUserID) VALUES(18, 1, 1);
INSERT INTO shareNotification(notificationID, sharePostID, shareUserID) VALUES(19, 1, 1);
INSERT INTO shareNotification(notificationID, sharePostID, shareUserID) VALUES(27, 1, 1);
INSERT INTO shareNotification(notificationID, sharePostID, shareUserID) VALUES(28, 1, 1);
INSERT INTO shareNotification(notificationID, sharePostID, shareUserID) VALUES(30, 1, 1);