INSERT INTO "user"(id, email, username, password, name, birthdate, race, class, xp, isAdmin, clanID) VALUES(1, rui.patricio@gmail.com, 'ruiWolves', '_n@6EEs6','João Miguel', 'Elf', 'Fighter',  205, FALSE, 1);
INSERT INTO "user"(id, email, username, password, name, birthdate, race, class, xp, isAdmin, clanID) VALUES(2, beto.gr@gmail.com, 'Bebeto', 'K8c4)-Tx' , 'André Esteves', 'Human', 'Wizard', 124, FALSE, 2);
INSERT INTO "user"(id, email, username, password, name, birthdate, race, class, xp, isAdmin, clanID) VALUES(3, sa.ze@hotmail.com,'Zezocas', '!8Y,yZ^', 'Francisco Filipe','Human', 'Fighter', 2030, FALSE, 1);
INSERT INTO "user"(id, email, username, password, name, birthdate, race, class, xp, isAdmin, clanID) VALUES(4, pepe.oficial@gmail.com, 'Pepe123', '`/Fsa2g%', 'Luís Silva', 'Elf''Wizard', 1540, TRUE, 3);
INSERT INTO "user"(id, email, username, password, name, birthdate, race, class, xp, isAdmin, clanID) VALUES(5, zecafontes@gmail.com, 'Fontes', 'V~n8`5$*', 'Pedro Silva', 'Human', 'Fighter', 6074, FALSE, 4);
INSERT INTO "user"(id, email, username, password, name, birthdate, race, class, xp, isAdmin, clanID) VALUES(6, guerreiro.def@gmail.com, 'Guerreiro_do_BVB', 'Z;-8g^Wc', 'Simão Silva', 'Dwarf', 'Rogue', 681, FALSE, 1);
INSERT INTO "user"(id, email, username, password, name, birthdate, race, class, xp, isAdmin, clanID) VALUES(7, cancelo.juve@hotmail.com, 'CanceloSLB', '?\H=jB3\', 'Pedro Fernandes', 'Elf', 'Rogue', 112, FALSE, 5);
INSERT INTO "user"(id, email, username, password, name, birthdate, race, class, xp, isAdmin, clanID) VALUES(8, dias_ruben@gmail.com, 'GOATdaDefesa', 'e7Gh/s-K', 'Bruno Sousa', 'Human', 'Elf', 'Healer', 967, FALSE, 2);
INSERT INTO "user"(id, email, username, password, name, birthdate, race, class, xp, isAdmin, clanID) VALUES(9, mario_rui@gmail.com, 'Ruizinho', ':YG^n9^z', 'Antero Santos', 'Human', 'Fighter', 420, FALSE, 3);
INSERT INTO "user"(id, email, username, password, name, birthdate, race, class, xp, isAdmin, clanID) VALUES(10, nelson_semedo.goat@gmail.com, 'M10better_thanCR7', ')K:9Bu^*', 'João Angélico', 'Elf''Wizard', 2304, FALSE, 3);
INSERT INTO "user"(id, email, username, password, name, birthdate, race, class, xp, isAdmin, clanID) VALUES(11, joao_moutinho@gmail.com, 'MaçãPodre', 'Xy>q;z9M', 'Mariana Costa', 'Dwarf', 'Rogue', 437, FALSE, 4);
INSERT INTO "user"(id, email, username, password, name, birthdate, race, class, xp, isAdmin, clanID) VALUES(12, carvalho.william@gmail.com, 'William_Carvalhospeare', '^7kN;r~N', 'Catarina Almeida', 'Human''Wizard', 892, FALSE, 5);
INSERT INTO "user"(id, email, username, password, name, birthdate, race, class, xp, isAdmin, clanID) VALUES(13, mario_joao@gmail.com, 'OMeuAmoréoSporting', 'q3NTt6.C', 'Miguel Barraca', 'Elf', 'Rogue', 1423, FALSE, 2);
INSERT INTO "user"(id, email, username, password, name, birthdate, race, class, xp, isAdmin, clanID) VALUES(14, danilo.fcp@gmail.com, 'ItzDanilo', 'k3M~4&./', 'António Costa','Dwarf', 'Healer', 3048, TRUE, 1);
INSERT INTO "user"(id, email, username, password, name, birthdate, race, class, xp, isAdmin, clanID) VALUES(15, pizzi@gmail.com, 'PizziOficial', '`7vJ4aHw', 'Marcelo Sousa', 'Human', 'Fighter', 1024, FALSE, 4);
INSERT INTO "user"(id, email, username, password, name, birthdate, race, class, xp, isAdmin, clanID) VALUES(16, bruno_nandes@gmail.com, 'AMinhaVidaéoSporting', '[Yw?J5XP', 'Pedro Coelho', 'Human''Wizard',1312, FALSE, 5);
INSERT INTO "user"(id, email, username, password, name, birthdate, race, class, xp, isAdmin, clanID) VALUES(17, neves_ruben@gmail.com, 'SóGolaceiras', 'W]d89up]', 'Luís Vieira','Dwarf', 'Healer', 430, FALSE, 5);
INSERT INTO "user"(id, email, username, password, name, birthdate, race, class, xp, isAdmin, clanID) VALUES(18, feliz.joao@gmail.com, 'NextCR7', '6@9Hz\V', 'Alexandre Santos','Dwarf''Wizard', 20, FALSE, 3);
INSERT INTO "user"(id, email, username, password, name, birthdate, race, class, xp, isAdmin, clanID) VALUES(19, bernas.silva@gmail.com, 'EuSouOBernas', 'BVy%8y8f', 'Fernando Rocha', 'Human', 'Rogue', 4512, FALSE, 4);
INSERT INTO "user"(id, email, username, password, name, birthdate, race, class, xp, isAdmin, clanID) VALUES(20, rafa_slb@gmail.com, 'JustRafa', '#9sYEtAg', 'Leonel Silva', 'Elf', 'Fighter', 960, FALSE, 2);

INSERT INTO clan(id, name, description, ownerID) VALUES(1,'Default Clan','Na busca do primeiro lugar da leaderboard de clans',14);
INSERT INTO clan(id, name, description, ownerID) VALUES(2,'Seleção das Quinas','Enquanto seleção decidimos criar um clan para mostrar a união desta equipa',20);
INSERT INTO clan(id, name, description, ownerID) VALUES(3,'Rumo à Liga das Nações','Clan de apoio aos nossos guerreiros para a Liga das Nações',4);
INSERT INTO clan(id, name, description, ownerID) VALUES(4,'EURO 2016','Relembrar os velhos tempos com os nossos amigos franceses',11);
INSERT INTO clan(id, name, description, ownerID) VALUES(5,'Falta o Éder','Uma pequena homenagem ao herói português Ederzito. Juntem-se à nossa causa',17);

INSERT INTO post (id, "date", content, hasImg, userID) VALUES (1, '2019-04-01 09:40:30', 'Good morning.', FALSE, 1);
INSERT INTO post (id, "date", content, hasImg, userID) VALUES (1, '2019-04-01 09:40:30', 'Good morning.', FALSE, 1);
INSERT INTO post (id, "date", content, hasImg, userID) VALUES (1, '2019-04-01 09:40:30', 'Good morning.', FALSE, 1);
INSERT INTO post (id, "date", content, hasImg, userID) VALUES (1, '2019-04-01 09:40:30', 'Good morning.', FALSE, 1);
INSERT INTO post (id, "date", content, hasImg, userID) VALUES (1, '2019-04-01 09:40:30', 'Good morning.', FALSE, 1);
INSERT INTO post (id, "date", content, hasImg, userID) VALUES (1, '2019-04-01 09:40:30', 'Good morning.', FALSE, 1);
INSERT INTO post (id, "date", content, hasImg, userID) VALUES (1, '2019-04-01 09:40:30', 'Good morning.', FALSE, 1);
INSERT INTO post (id, "date", content, hasImg, userID) VALUES (1, '2019-04-01 09:40:30', 'Good morning.', FALSE, 1);
INSERT INTO post (id, "date", content, hasImg, userID) VALUES (1, '2019-04-01 09:40:30', 'Good morning.', FALSE, 1);
INSERT INTO post (id, "date", content, hasImg, userID) VALUES (1, '2019-04-01 09:40:30', 'Good morning.', FALSE, 1);
INSERT INTO post (id, "date", content, hasImg, userID) VALUES (1, '2019-04-01 09:40:30', 'Good morning.', FALSE, 1);
INSERT INTO post (id, "date", content, hasImg, userID) VALUES (1, '2019-04-01 09:40:30', 'Good morning.', FALSE, 1);
INSERT INTO post (id, "date", content, hasImg, userID) VALUES (1, '2019-04-01 09:40:30', 'Good morning.', FALSE, 1);
INSERT INTO post (id, "date", content, hasImg, userID) VALUES (1, '2019-04-01 09:40:30', 'Good morning.', FALSE, 1);
INSERT INTO post (id, "date", content, hasImg, userID) VALUES (1, '2019-04-01 09:40:30', 'Good morning.', FALSE, 1);

INSERT INTO "like"(postID, userID, "date") VALUES(1, 4, '2019-04-01 19:27:12');
INSERT INTO "like"(postID, userID, "date") VALUES(1, 7, '2019-03-01 09:21:17');
INSERT INTO "like"(postID, userID, "date") VALUES(1, 17, '2019-02-01 16:14:34');
INSERT INTO "like"(postID, userID, "date") VALUES(2, 11, '2019-01-01 22:38:58');
INSERT INTO "like"(postID, userID, "date") VALUES(2, 4, '2019-02-01 17:52:43');
INSERT INTO "like"(postID, userID, "date") VALUES(3, 5, '2019-03-01 09:42:01');
INSERT INTO "like"(postID, userID, "date") VALUES(3, 7, '2019-01-14 21:38:51');
INSERT INTO "like"(postID, userID, "date") VALUES(4, 13,'2019-02-17 17:27:22');
INSERT INTO "like"(postID, userID, "date") VALUES(5, 15, '2019-03-09 09:35:34');
INSERT INTO "like"(postID, userID, "date") VALUES(6, 2, '2019-03-02 09:57:52');
INSERT INTO "like"(postID, userID, "date") VALUES(7, 18, '2019-01-17 13:23:36');
INSERT INTO "like"(postID, userID, "date") VALUES(8, 20, '2019-04-19 06:55:44');
INSERT INTO "like"(postID, userID, "date") VALUES(9, 10, '2019-04-24 16:41:18');
INSERT INTO "like"(postID, userID, "date") VALUES(10, 6, '2019-03-27 19:24:15');
INSERT INTO "like"(postID, userID, "date") VALUES(11, 1, '2019-03-30 23:19:30');
INSERT INTO "like"(postID, userID, "date") VALUES(12, 7, '2019-02-06 11:33:46');
INSERT INTO "like"(postID, userID, "date") VALUES(13, 14, '2019-02-14 12:57:12');
INSERT INTO "like"(postID, userID, "date") VALUES(13, 17, '2019-01-21 14:42:27');
INSERT INTO "like"(postID, userID, "date") VALUES(13, 11, '2019-03-17 22:15:34');
INSERT INTO "like"(postID, userID, "date") VALUES(13, 4, '2019-04-01 09:31:18');

INSERT INTO share(postID, userID, content, "date") VALUES (1, 1, "this posts is so nice!", '2019-04-01 09:42:00');
INSERT INTO share(postID, userID, content, "date") VALUES (1, 1, "this posts is so nice!", '2019-04-01 09:42:00');
INSERT INTO share(postID, userID, content, "date") VALUES (1, 1, "this posts is so nice!", '2019-04-01 09:42:00');
INSERT INTO share(postID, userID, content, "date") VALUES (1, 1, "this posts is so nice!", '2019-04-01 09:42:00');
INSERT INTO share(postID, userID, content, "date") VALUES (1, 1, "this posts is so nice!", '2019-04-01 09:42:00');
INSERT INTO share(postID, userID, content, "date") VALUES (1, 1, "this posts is so nice!", '2019-04-01 09:42:00');

INSERT INTO comment(id, postID, userID, "date",commentText) VALUES(1,);
INSERT INTO comment(id, postID, userID, "date",commentText) VALUES(2,);
INSERT INTO comment(id, postID, userID, "date",commentText) VALUES(3,);
INSERT INTO comment(id, postID, userID, "date",commentText) VALUES(4,);
INSERT INTO comment(id, postID, userID, "date",commentText) VALUES(5,);
INSERT INTO comment(id, postID, userID, "date",commentText) VALUES(6,);
INSERT INTO comment(id, postID, userID, "date",commentText) VALUES(7,);
INSERT INTO comment(id, postID, userID, "date",commentText) VALUES(8,);
INSERT INTO comment(id, postID, userID, "date",commentText) VALUES(9,);
INSERT INTO comment(id, postID, userID, "date",commentText) VALUES(10,);
INSERT INTO comment(id, postID, userID, "date",commentText) VALUES(11,);
INSERT INTO comment(id, postID, userID, "date",commentText) VALUES(12,);
INSERT INTO comment(id, postID, userID, "date",commentText) VALUES(13,);
INSERT INTO comment(id, postID, userID, "date",commentText) VALUES(14,);
INSERT INTO comment(id, postID, userID, "date",commentText) VALUES(15,);
INSERT INTO comment(id, postID, userID, "date",commentText) VALUES(16,);
INSERT INTO comment(id, postID, userID, "date",commentText) VALUES(17,);
INSERT INTO comment(id, postID, userID, "date",commentText) VALUES(18,);
INSERT INTO comment(id, postID, userID, "date",commentText) VALUES(19,);
INSERT INTO comment(id, postID, userID, "date",commentText) VALUES(20,);
INSERT INTO comment(id, postID, userID, "date",commentText) VALUES(21,);
INSERT INTO comment(id, postID, userID, "date",commentText) VALUES(22,);
INSERT INTO comment(id, postID, userID, "date",commentText) VALUES(23,);
INSERT INTO comment(id, postID, userID, "date",commentText) VALUES(24,);
INSERT INTO comment(id, postID, userID, "date",commentText) VALUES(25,);

INSERT INTO message(id, sender, receiver, "date", messageText, hasBeenSeen) VALUES();
INSERT INTO message(id, sender, receiver, "date", messageText, hasBeenSeen) VALUES();
INSERT INTO message(id, sender, receiver, "date", messageText, hasBeenSeen) VALUES();
INSERT INTO message(id, sender, receiver, "date", messageText, hasBeenSeen) VALUES();
INSERT INTO message(id, sender, receiver, "date", messageText, hasBeenSeen) VALUES();
INSERT INTO message(id, sender, receiver, "date", messageText, hasBeenSeen) VALUES();
INSERT INTO message(id, sender, receiver, "date", messageText, hasBeenSeen) VALUES();
INSERT INTO message(id, sender, receiver, "date", messageText, hasBeenSeen) VALUES();
INSERT INTO message(id, sender, receiver, "date", messageText, hasBeenSeen) VALUES();
INSERT INTO message(id, sender, receiver, "date", messageText, hasBeenSeen) VALUES();
INSERT INTO message(id, sender, receiver, "date", messageText, hasBeenSeen) VALUES();
INSERT INTO message(id, sender, receiver, "date", messageText, hasBeenSeen) VALUES();
INSERT INTO message(id, sender, receiver, "date", messageText, hasBeenSeen) VALUES();
INSERT INTO message(id, sender, receiver, "date", messageText, hasBeenSeen) VALUES();
INSERT INTO message(id, sender, receiver, "date", messageText, hasBeenSeen) VALUES();
INSERT INTO message(id, sender, receiver, "date", messageText, hasBeenSeen) VALUES();
INSERT INTO message(id, sender, receiver, "date", messageText, hasBeenSeen) VALUES();
INSERT INTO message(id, sender, receiver, "date", messageText, hasBeenSeen) VALUES();
INSERT INTO message(id, sender, receiver, "date", messageText, hasBeenSeen) VALUES();
INSERT INTO message(id, sender, receiver, "date", messageText, hasBeenSeen) VALUES();
INSERT INTO message(id, sender, receiver, "date", messageText, hasBeenSeen) VALUES();
INSERT INTO message(id, sender, receiver, "date", messageText, hasBeenSeen) VALUES();
INSERT INTO message(id, sender, receiver, "date", messageText, hasBeenSeen) VALUES();
INSERT INTO message(id, sender, receiver, "date", messageText, hasBeenSeen) VALUES();
INSERT INTO message(id, sender, receiver, "date", messageText, hasBeenSeen) VALUES();
INSERT INTO message(id, sender, receiver, "date", messageText, hasBeenSeen) VALUES();
INSERT INTO message(id, sender, receiver, "date", messageText, hasBeenSeen) VALUES();
INSERT INTO message(id, sender, receiver, "date", messageText, hasBeenSeen) VALUES();
INSERT INTO message(id, sender, receiver, "date", messageText, hasBeenSeen) VALUES();
INSERT INTO message(id, sender, receiver, "date", messageText, hasBeenSeen) VALUES();
INSERT INTO message(id, sender, receiver, "date", messageText, hasBeenSeen) VALUES();
INSERT INTO message(id, sender, receiver, "date", messageText, hasBeenSeen) VALUES();
INSERT INTO message(id, sender, receiver, "date", messageText, hasBeenSeen) VALUES();
INSERT INTO message(id, sender, receiver, "date", messageText, hasBeenSeen) VALUES();
INSERT INTO message(id, sender, receiver, "date", messageText, hasBeenSeen) VALUES();

INSERT INTO request(id, sender, receiver, clanID, "type", "date", hasAccepted) VALUES (1, 1, 1, 1, 'friendRequest', '2019-04-01 09:42:00', TRUE);
INSERT INTO request(id, sender, receiver, clanID, "type", "date", hasAccepted) VALUES (1, 1, 1, 1, 'friendRequest', '2019-04-01 09:42:00', TRUE);
INSERT INTO request(id, sender, receiver, clanID, "type", "date", hasAccepted) VALUES (1, 1, 1, 1, 'friendRequest', '2019-04-01 09:42:00', TRUE);
INSERT INTO request(id, sender, receiver, clanID, "type", "date", hasAccepted) VALUES (1, 1, 1, 1, 'friendRequest', '2019-04-01 09:42:00', TRUE);
INSERT INTO request(id, sender, receiver, clanID, "type", "date", hasAccepted) VALUES (1, 1, 1, 1, 'friendRequest', '2019-04-01 09:42:00', TRUE);
INSERT INTO request(id, sender, receiver, clanID, "type", "date", hasAccepted) VALUES (1, 1, 1, 1, 'friendRequest', '2019-04-01 09:42:00', TRUE);
INSERT INTO request(id, sender, receiver, clanID, "type", "date", hasAccepted) VALUES (1, 1, 1, 1, 'friendRequest', '2019-04-01 09:42:00', TRUE);
INSERT INTO request(id, sender, receiver, clanID, "type", "date", hasAccepted) VALUES (1, 1, 1, 1, 'friendRequest', '2019-04-01 09:42:00', TRUE);
INSERT INTO request(id, sender, receiver, clanID, "type", "date", hasAccepted) VALUES (1, 1, 1, 1, 'friendRequest', '2019-04-01 09:42:00', TRUE);
INSERT INTO request(id, sender, receiver, clanID, "type", "date", hasAccepted) VALUES (1, 1, 1, 1, 'friendRequest', '2019-04-01 09:42:00', TRUE);

INSERT INTO blocked(userID, admin, "date", motive) VALUES (1, 2, '2019-04-01 09:42:00', 'Abusive content');
INSERT INTO blocked(userID, admin, "date", motive) VALUES (1, 2, '2019-04-01 09:42:00', 'Abusive content');
INSERT INTO blocked(userID, admin, "date", motive) VALUES (1, 2, '2019-04-01 09:42:00', 'Abusive content');
INSERT INTO blocked(userID, admin, "date", motive) VALUES (1, 2, '2019-04-01 09:42:00', 'Abusive content');
INSERT INTO blocked(userID, admin, "date", motive) VALUES (1, 2, '2019-04-01 09:42:00', 'Abusive content');

INSERT INTO report(id, sender, admin, "date", reportText, motive) VALUES();
INSERT INTO report(id, sender, admin, "date", reportText, motive) VALUES();
INSERT INTO report(id, sender, admin, "date", reportText, motive) VALUES();
INSERT INTO report(id, sender, admin, "date", reportText, motive) VALUES();
INSERT INTO report(id, sender, admin, "date", reportText, motive) VALUES();
INSERT INTO report(id, sender, admin, "date", reportText, motive) VALUES();
INSERT INTO report(id, sender, admin, "date", reportText, motive) VALUES();
INSERT INTO report(id, sender, admin, "date", reportText, motive) VALUES();
INSERT INTO report(id, sender, admin, "date", reportText, motive) VALUES();
INSERT INTO report(id, sender, admin, "date", reportText, motive) VALUES();

INSERT INTO commentReport(reportID, commentID) VALUES();
INSERT INTO commentReport(reportID, commentID) VALUES();
INSERT INTO commentReport(reportID, commentID) VALUES();
INSERT INTO commentReport(reportID, commentID) VALUES();

INSERT INTO postReport(reportID, postID) VALUES();
INSERT INTO postReport(reportID, postID) VALUES();
INSERT INTO postReport(reportID, postID) VALUES();
INSERT INTO postReport(reportID, postID) VALUES();
INSERT INTO postReport(reportID, postID) VALUES();
INSERT INTO postReport(reportID, postID) VALUES();

INSERT INTO notification(id, "type", "date", hasBeenSeen) VALUES();
INSERT INTO notification(id, "type", "date", hasBeenSeen) VALUES();
INSERT INTO notification(id, "type", "date", hasBeenSeen) VALUES();
INSERT INTO notification(id, "type", "date", hasBeenSeen) VALUES();
INSERT INTO notification(id, "type", "date", hasBeenSeen) VALUES();
INSERT INTO notification(id, "type", "date", hasBeenSeen) VALUES();
INSERT INTO notification(id, "type", "date", hasBeenSeen) VALUES();
INSERT INTO notification(id, "type", "date", hasBeenSeen) VALUES();
INSERT INTO notification(id, "type", "date", hasBeenSeen) VALUES();
INSERT INTO notification(id, "type", "date", hasBeenSeen) VALUES();
INSERT INTO notification(id, "type", "date", hasBeenSeen) VALUES();
INSERT INTO notification(id, "type", "date", hasBeenSeen) VALUES();
INSERT INTO notification(id, "type", "date", hasBeenSeen) VALUES();
INSERT INTO notification(id, "type", "date", hasBeenSeen) VALUES();
INSERT INTO notification(id, "type", "date", hasBeenSeen) VALUES();
INSERT INTO notification(id, "type", "date", hasBeenSeen) VALUES();
INSERT INTO notification(id, "type", "date", hasBeenSeen) VALUES();
INSERT INTO notification(id, "type", "date", hasBeenSeen) VALUES();
INSERT INTO notification(id, "type", "date", hasBeenSeen) VALUES();
INSERT INTO notification(id, "type", "date", hasBeenSeen) VALUES();
INSERT INTO notification(id, "type", "date", hasBeenSeen) VALUES();
INSERT INTO notification(id, "type", "date", hasBeenSeen) VALUES();
INSERT INTO notification(id, "type", "date", hasBeenSeen) VALUES();
INSERT INTO notification(id, "type", "date", hasBeenSeen) VALUES();
INSERT INTO notification(id, "type", "date", hasBeenSeen) VALUES();
INSERT INTO notification(id, "type", "date", hasBeenSeen) VALUES();
INSERT INTO notification(id, "type", "date", hasBeenSeen) VALUES();
INSERT INTO notification(id, "type", "date", hasBeenSeen) VALUES();
INSERT INTO notification(id, "type", "date", hasBeenSeen) VALUES();
INSERT INTO notification(id, "type", "date", hasBeenSeen) VALUES();

INSERT INTO clanInviteNotification(notificationID, requestID) VALUES (1, 1);
INSERT INTO clanInviteNotification(notificationID, requestID) VALUES (1, 1);
INSERT INTO clanInviteNotification(notificationID, requestID) VALUES (1, 1);
INSERT INTO clanInviteNotification(notificationID, requestID) VALUES (1, 1);
INSERT INTO clanInviteNotification(notificationID, requestID) VALUES (1, 1);

INSERT INTO messageNotification(notificationID, messageID) VALUES (1, 1);
INSERT INTO messageNotification(notificationID, messageID) VALUES (1, 1);
INSERT INTO messageNotification(notificationID, messageID) VALUES (1, 1);
INSERT INTO messageNotification(notificationID, messageID) VALUES (1, 1);
INSERT INTO messageNotification(notificationID, messageID) VALUES (1, 1);

INSERT INTO friendRequestNotification(notificationID, requestID) VALUES(1, 1);
INSERT INTO friendRequestNotification(notificationID, requestID) VALUES(1, 1);
INSERT INTO friendRequestNotification(notificationID, requestID) VALUES(1, 1);
INSERT INTO friendRequestNotification(notificationID, requestID) VALUES(1, 1);
INSERT INTO friendRequestNotification(notificationID, requestID) VALUES(1, 1);

INSERT INTO likeNotification(notificationID, likePostID, likeUserID) VALUES (1, 1, 1);
INSERT INTO likeNotification(notificationID, likePostID, likeUserID) VALUES (1, 1, 1);
INSERT INTO likeNotification(notificationID, likePostID, likeUserID) VALUES (1, 1, 1);
INSERT INTO likeNotification(notificationID, likePostID, likeUserID) VALUES (1, 1, 1);
INSERT INTO likeNotification(notificationID, likePostID, likeUserID) VALUES (1, 1, 1);

INSERT INTO commentNotification(notificationID, commentID) VALUES (1, 1);
INSERT INTO commentNotification(notificationID, commentID) VALUES (1, 1);
INSERT INTO commentNotification(notificationID, commentID) VALUES (1, 1);
INSERT INTO commentNotification(notificationID, commentID) VALUES (1, 1);
INSERT INTO commentNotification(notificationID, commentID) VALUES (1, 1);

INSERT INTO shareNotification(notificationID, sharePostID, shareUserID) VALUES(1, 1, 1);
INSERT INTO shareNotification(notificationID, sharePostID, shareUserID) VALUES(1, 1, 1);
INSERT INTO shareNotification(notificationID, sharePostID, shareUserID) VALUES(1, 1, 1);
INSERT INTO shareNotification(notificationID, sharePostID, shareUserID) VALUES(1, 1, 1);
INSERT INTO shareNotification(notificationID, sharePostID, shareUserID) VALUES(1, 1, 1);